copebr00 	Brandon Copeland||LB||DET
okafal00 	Alex Okafor||DE||CRD
norwjo00 	Jordan Norwood||WR||DEN
ackeke00 	Kenneth Acker||CB||KAN
nkemro00 	Robert Nkemdiche||DT||CRD
ridlst00 	Stevan Ridley||RB||ATL
huntda01 	Danielle Hunter||DE||MIN
andran00 	Antonio Andrews||RB||OTI
sheran00 	Anthony Sherman||RB||KAN
whitco01 	Corey White||SS||BUF
caredo00 	Don Carey||DB||DET
wildbr01 	Brandon Wilds||RB||NYJ
wattj.00 	J.J. Watt||DE||HTX
mattcl99 	Clay Matthews||LB||GNB
rossra00 	Rashad Ross||WR||WAS
mckibe00 	Benardrick McKinney||ILB||HTX
rossje01 	Jeremy Ross||WR||NYJ,CRD
higbty00 	Tyler Higbee||TE||RAM
trawbr00 	Brynden Trawick||S||RAI
ryanja00 	Jake Ryan||OLB||GNB
jeffal00 	Alshon Jeffery||WR||CHI
stined00 	Ed Stinson||DE||CRD
smalwe00 	Wendell Smallwood||RB||PHI
wilfvi20 	Vince Wilfork||NT||HTX
greela00 	Ladarius Green||TE||PIT
kender00 	Eric Kendricks||ILB||MIN
ijalbe00 	Ben Ijalana||OL||NYJ
paeast00 	Stephen Paea||DT||CLE
hillro00 	Ronnie Hillman||RB||SDG,MIN
flowma00 	Marquis Flowers||OLB||CIN
cushbr99 	Brian Cushing||LB||HTX
shepru00 	Russell Shepard||WR||TAM
brownjos01 	Josh Brown||K||NYG
lawrde00 	Demarcus Lawrence||DE||DAL
slatma00 	Matt Slater||WR||NWE
doctjo00 	Josh Doctson||WR||WAS
bersbr00 	Brenton Bersin||WR||CAR
gordme00 	Melvin Gordon||RB||SDG
carrno00 	Nolan Carroll||DB||PHI
mostra00 	Raheem Mostert||RB||CHI,SFO
deveja00 	James Develin||RB||NWE
henrde00 	Derrick Henry||RB||OTI
joneby00 	Byron Jones||CB||DAL
vernol00 	Olivier Vernon||DE||NYG
tuckju00 	Justin Tucker||K||RAV
silise00 	Sealver Siliga||DT||TAM,SEA
strero00 	Rod Streater||WR||SFO
jackvi00 	Vincent Jackson||WR||TAM
sunsvi00 	Vinnie Sunseri||SS||SFO
lewiro03 	Roger Lewis||WR||NYG
trevda00 	Danny Trevathan||OLB||CHI
dunbqu00 	Quinton Dunbar||WR||WAS
gostst20 	Stephen Gostkowski||K||NWE
succry44 	Ryan Succop||K||OTI
jackdo01 	Don Jackson||RB||GNB
crosal00 	Alan Cross||TE||TAM
fellda01 	Darren Fells||TE||CRD
hewine00 	Neville Hewitt||LB||MIA
nortbr00 	Brad Nortman||P||JAX
spenno00 	Noah Spence||DE||TAM
browpr00 	Preston Brown||ILB||BUF
harrch01 	Chris Harris||CB||DEN
branal99 	Alan Branch||DT||NWE
ganogr44 	Graham Gano||P||CAR
porttr99 	Tracy Porter||DB||CHI
fordde00 	Dee Ford||DE||KAN
sneawi00 	Willie Snead||WR||NOR
robean00 	Andre Roberts||WR||DET
kelcja00 	Jason Kelce||OL||PHI
casijo99 	Jonathan Casillas||LB||NYG
kwiani00 	Nick Kwiatkoski||ILB||CHI
amenda00 	Danny Amendola||WR||NWE
breeba00 	Bashaud Breeland||CB||WAS
reedbr00 	Brooks Reed||DL||ATL
willdu00 	Duke Williams||SS||CLT,BUF
rainbo00 	Bobby Rainey||RB||NYG
tukuwi00 	Will Tukuafu||DT||SEA
nikltr00 	Troy Niklas||TE||CRD
housla99 	Lamarr Houston||DT||CHI
erical01 	Alex Erickson||WR||CIN
paulni00 	Niles Paul||WR||WAS
lewito00 	Tommylee Lewis||WR||NOR
barrma00 	Mark Barron||SS||RAM
bishfr00 	Freddie Bishop||DE||NYJ
stepsh00 	Shamar Stephen||DT||MIN
ioanma01 	Matthew Ioannidis||DT||WAS
whitke00 	Kevin White||WR||CHI
joneja05 	Jarvis Jones||OLB||PIT
flowbr99 	Brandon Flowers||DB||SDG
soreda01 	Daniel Sorensen||S||KAN
whitfo00 	Fozzy Whittaker||RB||CAR
washad00 	Adolphus Washington||DT||BUF
jenkcu20 	Cullen Jenkins||DT||WAS
ochivi00 	Victor Ochi||LB||NYJ
ealyko00 	Kony Ealy||DE||CAR
wattde00 	Derek Watt||FB||SDG
campib00 	Ibraheim Campbell||SS||CLE
jackde00 	DeSean Jackson||WR||WAS
mcdotj00 	T.J. McDonald||FS||RAM
wrigga00 	Gabe Wright||DT||CLE
johnde25 	Derrick Johnson||LB||KAN
willni02 	Nick Williams||WR||ATL
berrjo00 	Jordan Berry||P||PIT
willlu00 	Luke Willson||TE||SEA
peerce00 	Cedric Peerman||RB||CIN
breade00 	Delvin Breaux||CB||NOR
flowtr00 	Trey Flowers||DE||NWE
reidca00 	Caraun Reid||DT||SDG
timujo00 	John Timu||ILB||CHI
sprija00 	Jason Spriggs||OT||GNB
pratma20 	Matt Prater||K||DET
dorsgl99 	Glenn Dorsey||DT||SFO
branty99 	Tyvon Branch||DB||CRD
perrde00 	Denzel Perryman||ILB||SDG
rodgri00 	Richard Rodgers||TE||GNB
farlma00 	Matthias Farley||DB||CLT
farmge02 	George Farmer||RB||SEA
vannky00 	Kyle Van Noy||OLB||NWE,DET
ihendu00 	Duke Ihenacho||S||WAS
dorlma00 	Makinton Dorleant||CB||GNB
parkro01 	Ron Parker||CB||KAN
lewich01 	Chris Lewis-Harris||CB||RAV,CIN
cookbr00 	Brandin Cooks||WR||NOR
aluaty99 	Tyson Alualu||DT||JAX
lanian00 	Anthony Lanier||DE||WAS
kerrjo00 	Joe Kerridge||FB||GNB
mattjo00 	Jordan Matthews||WR||PHI
glenmi00 	Mike Glennon||QB||TAM
holman00 	Andre Holmes||WR||RAI
perrni00 	Nick Perry||DE||GNB
martza00 	Zack Martin||OT||DAL
midddo01 	Doug Middleton||S||NYJ
penndo20 	Donald Penn||T||RAI
halita20 	Tamba Hali||DE||KAN
jonedo21 	Donnie Jones||P||PHI
camejo00 	Jordan Cameron||TE||MIA
tolegr99 	Greg Toler||DB||WAS
browma01 	Malcom Brown||DT||NWE
browma02 	Mack Brown||RB||WAS
browma03 	Malcolm Brown||RB||RAM
keoxsh00 	Shiloh Keo||DB||NOR,DEN
boonal21 	Alex Boone||T||MIN
butlma01 	Malcolm Butler||CB||NWE
greet.00 	T.J. Green||FS||CLT
peadis00 	Isaiah Pead||RB||MIA
ringch00 	Christian Ringo||DE||GNB
dicked00 	Ed Dickson||TE||CAR
vernal99 	Alterraun Verner||DB||TAM
beckod00 	Odell Beckham||WR||NYG
contch00 	Chris Conte||DB||TAM
nunera00 	Rakeem Nunez-Roches||DT||KAN
dougha00 	Harry Douglas||WR||OTI
smitza00 	Za'Darius Smith||DE||RAV
dempqu99 	Quintin Demps||DB||HTX
janikseb01 	Sebastian Janikowski||K||RAI
allige01 	Geronimo Allison||WR||GNB
campca99 	Calais Campbell||DE||CRD
mathry00 	Ryan Mathews||RB||PHI
ingrme00 	Melvin Ingram||DE||SDG
evanmi00 	Mike Evans||WR||TAM
hadejo99 	Joe Haden||DB||CLE
davise00 	Sean Davis||FS||PIT
moorco00 	Corey Moore||S||HTX
terrst00 	Steven Terrell||DB||SEA
kerrza00 	Zach Kerr||NT||CLT
hopkde00 	DeAndre Hopkins||WR||HTX
odonpa00 	Pat O'Donnell||P||CHI
campde00 	De'Vondre Campbell||OLB||ATL
abdeme00 	Mehdi Abdesmad||DE||OTI
smelde00 	DeAndre Smelter||WR||SFO
adammi21 	Mike Adams||DB||CLT
browtr02 	Trenton Brown||OT||SFO
elamma00 	Matt Elam||SS||RAV
kriehe00 	Henry Krieger-Coble||TE||DEN
hagera00 	Ra'Shede Hageman||DT||ATL
parkwi01 	Will Parks||S||DEN
bulljo00 	Jonathan Bullard||DE||CHI
pattco00 	Cordarrelle Patterson||WR||MIN
hekkjo00 	Johnny Hekker||P||RAM
byrdda00 	Damiere Byrd||WR||CAR
aghone00 	Nelson Agholor||WR||PHI
smitle00 	Lee Smith||TE||RAI
sancza00 	Zack Sanchez||CB||CAR
boyktr00 	Trevone Boykin||QB||SEA
forrjo00 	Josh Forrest||ILB||RAM
hagebr00 	Bryce Hager||ILB||RAM
delary00 	Ryan Delaire||DE||CAR
nsekty00 	Ty Nsekhe||T||WAS
crawke02 	Ken Crawley||DB||NOR
bratca00 	Cameron Brate||TE||TAM
trufde00 	Desmond Trufant||CB||ATL
smitji03 	Jimmy Smith||CB||RAV
shorka00 	Kawann Short||DT||CAR
cadetr00 	Travaris Cadet||RB||NOR
celebr00 	Brent Celek||TE||PHI
bushde00 	Deon Bush||FS||CHI
wilsja00 	Jarrod Wilson||S||JAX
hargja00 	Javon Hargrave||DT||PIT
hopkdu00 	Dustin Hopkins||K||WAS
josejo20 	Johnathan Joseph||DB||HTX
todmjo00 	Jordan Todman||RB||CLT
poyejo00 	Jordan Poyer||CB||CLE
waltle00 	Leterrius Walton||DT||PIT
kingta00 	Tavarres King||WR||NYG
uzomc.00 	C.J. Uzomah||TE||CIN
wagnri00 	Ricky Wagner||OT||RAV
dillk.00 	K.J. Dillon||S||HTX
gilmst00 	Stephon Gilmore||CB||BUF
rodgja00 	Jacquizz Rodgers||RB||TAM
bushra00 	Rafael Bush||S||DET
charst00 	Stefan Charles||DT||DET
mcdocl99 	Clinton McDonald||DT||TAM
jonet.00 	T.J. Jones||WR||DET
bibbka00 	Kapri Bibbs||RB||DEN
mcmash99 	Sherrick McManis||DB||CHI
guyxla00 	Lawrence Guy||DT||RAV
funcde00 	Devin Funchess||WR||CAR
yandma20 	Marshal Yanda||T||RAV
spilc.00 	C.J. Spiller||RB||NYJ,SEA
shabal00 	Al-Hajj Shabazz||CB||PIT,HTX
maxejo00 	Johnny Maxey||DE||PIT
nzeoma00 	Mark Nzeocha||OLB||DAL
boddbr01 	Briean Boddy-Calhoun||DB||CLE
millja02 	Jalen Mills||CB||PHI
mccole01 	LeSean McCoy||RB||BUF
sancma00 	Mark Sanchez||QB||DAL
nassca00 	Carl Nassib||DE||CLE
greevi00 	Virgil Green||unkown||DEN
ervica00 	Cameron Erving||OT||CLE
willtr05 	Trevor Williams||CB||SDG
koyabe00 	Ben Koyack||TE||JAX
paullo00 	Logan Paulsen||TE||CHI
wallda01 	Darren Waller||WR||RAV
johnst02 	Steven Johnson||LB||PIT
rudoky00 	Kyle Rudolph||TE||MIN
benjke00 	Kelvin Benjamin||WR||CAR
parnje00 	Jermey Parnell||T||JAX
fasaan00 	Anthony Fasano||TE||OTI
humpad00 	Adam Humphries||WR||TAM
golded00 	Eddie Goldman||DT||CHI
mclest00 	Steve McLendon||DT||NYJ
hughjo00 	John Hughes||DT||CLE,TAM
browjo02 	John Brown||WR||CRD
howaxa00 	Xavien Howard||CB||MIA
jamech00 	Charles James||CB||CLT,HTX
davito01 	Todd Davis||LB||DEN
beasvi00 	Vic Beasley||OLB||ATL
butlda99 	Darius Butler||DB||CLT
lewidi00 	Dion Lewis||RB||NWE
bostbr00 	Brandon Bostick||TE||NYJ
highdo01 	Dont'a Hightower||ILB||NWE
colede01 	Deandre Coleman||DT||BUF
bennmi99 	Michael Bennett||DE||SEA
johnto01 	Tom Johnson||DT||MIN
johnto02 	Toby Johnson||DT||MIN
brisja00 	Jacoby Brissett||QB||NWE
mullma00 	Matthew Mulligan||TE||DET
freede00 	Devonta Freeman||RB||ATL
markse99 	Sen'Derrick Marks||DT||JAX
wagnbo00 	Bobby Wagner||ILB||SEA
applel00 	Eli Apple||CB||NYG
harrda03 	Damon Harrison||DT||NYG
hammje01 	Je'Ron Hamm||TE||SFO
kerrry00 	Ryan Kerrigan||DE||WAS
anthst00 	Stephone Anthony||ILB||NOR
mcdode01 	Dewey McDonald||S||SEA
danska20 	Karlos Dansby||LB||CIN
tretjc00 	J.C. Tretter||OG||GNB
ryanma00 	Matt Ryan||QB||ATL
reedka00 	Kalan Reed||CB||OTI
edelju00 	Julian Edelman||WR||NWE
newtca00 	Cam Newton||QB||CAR
jeffqu00 	Quinton Jefferson||DT||SEA
robeel00 	Elandon Roberts||ILB||NWE
abbrja00 	Jared Abbrederis||WR||GNB
richsh00 	Sheldon Richardson||DT||NYJ
granco00 	Corey Grant||RB||JAX
moncdo00 	Donte Moncrief||WR||CLT
eifety00 	Tyler Eifert||TE||CIN
grifry00 	Ryan Griffin||TE||HTX
campmi02 	Michael Campanaro||WR||RAV
tripjo00 	Jordan Tripp||OLB||GNB,SEA
robema00 	Marcus Roberson||CB||BUF
mccode00 	Dexter McCoil||S||SDG
schwbr00 	Brian Schwenke||C||OTI
pruimy00 	MyCole Pruitt||TE||CHI,MIN
byrdja99 	Jairus Byrd||DB||NOR
dunlca99 	Carlos Dunlap||DE||CIN
ajayja00 	Jay Ajayi||RB||MIA
harrja23 	James Harrison||LB||PIT
boylni00 	Nick Boyle||TE||RAV
jarrgr00 	Grady Jarrett||DT||ATL
grayma00 	MarQueis Gray||TE||MIA
carrbr99 	Brandon Carr||DB||DAL
jordmi00 	Mike Jordan||DB||RAM
bausde00 	De'Vante Bausby||DB||CHI
swooer00 	Erik Swoope||TE||CLT
bricke00 	Kentrell Brice||S||GNB
johndu00 	Duke Johnson||RB||CLE
kilgda01 	Darius Kilgo||DT||DEN
onwupa00 	Patrick Onwuasor||LB||RAV
sweadj00 	D.J. Swearinger||FS||CRD
washdw00 	Dwayne Washington||RB||DET
winsja00 	Jameis Winston||QB||TAM
chican00 	Anthony Chickillo||DE||PIT
luckan00 	Andrew Luck||QB||CLT
ellian00 	Andre Ellington||RB||CRD
sherma20 	Marcus Sherels||DB||MIN
lowrde00 	Dean Lowry||DE||GNB
petebr00 	Brian Peters||LB||HTX
richja01 	Jalen Richard||RB||RAI
ellide01 	DeAndre Elliott||CB||SEA
berngi00 	Giovani Bernard||RB||CIN
tullst20 	Stephen Tulloch||LB||PHI
burkbr00 	Brandon Burks||RB||NYJ
taliaq99 	Aqib Talib||DB||DEN
browan04 	Antonio Brown||WR||PIT
browan02 	Anthony Brown||CB||DAL
thorkh00 	Khyri Thornton||DT||DET
hughje99 	Jerry Hughes||DE||BUF
hamlco01 	Connor Hamlett||TE||CLE
presda01 	Dak Prescott||QB||DAL
simojo01 	John Simon||DE||HTX
thomjo04 	Joe Thomas||LB||GNB
humbra00 	Ramon Humber||LB||BUF
leexma00 	Marqise Lee||WR||JAX
riddth00 	Theo Riddick||RB||DET
conlch00 	Chris Conley||WR||KAN
brocmi00 	Michael Brockers||DT||RAM
kerlje00 	Jeremy Kerley||WR||SFO
smitan22 	Antonio Smith||DE||HTX
roweer00 	Eric Rowe||CB||NWE
klugka00 	Karl Klug||DL||OTI
doylja00 	Jack Doyle||TE||CLT
tyexwi00 	Will Tye||TE||NYG
glenja01 	Jacoby Glenn||DB||CHI
watfea00 	Earl Watford||OG||CRD
guntro00 	Rodney Gunter||DT||CRD
lamuem00 	Emmanuel Lamur||LB||MIN
bateda00 	Daren Bates||LB||RAI
joneco01 	Colin Jones||DB||CAR
mckije00 	Jerick McKinnon||RB||MIN
zombfr00 	Frank Zombo||LB||KAN
pryoca00 	Calvin Pryor||FS||NYJ
fergjo02 	Josh Ferguson||RB||CLT
nelsjj00 	JJ Nelson||WR||CRD
duraju99 	Justin Durant||LB||DAL
robira00 	Rashard Robinson||CB||SFO
simseu99 	Eugene Sims||LB||RAM
atkige99 	Geno Atkins||DT||CIN
younta01 	Tavon Young||CB||RAV
washco00 	Cornelius Washington||DE||CHI
ridgha00 	Hassan Ridgeway||DT||CLT
jonedo01 	Dominique Jones||TE||MIA
fejecl00 	Clayton Fejedelem||FS||CIN
watsme00 	Menelik Watson||OT||RAI
marcju00 	Justin March-Lillard||LB||KAN
smitde04 	Devin Smith||WR||NYJ
smitde05 	Derron Smith||FS||CIN
palmna01 	Nate Palmer||LB||OTI
millbr03 	Braxton Miller||WR||HTX
langje00 	Jeremy Langford||RB||CHI
martro02 	Ronald Martin||S||NYJ
dzubni00 	Nick Dzubnar||LB||SDG
hiltt.00 	T.Y. Hilton||WR||CLT
tiald.00 	D.J. Tialavea||TE||ATL
feltje00 	Jerome Felton||RB||BUF
jameco00 	Cory James||OLB||RAI
waresp00 	Spencer Ware||RB||KAN
wilsma02 	Marquess Wilson||WR||CHI
fostar00 	Arian Foster||RB||MIA
telfra00 	Randall Telfer||TE||CLE
treala00 	Laquon Treadwell||WR||MIN
hamiwo00 	Woodrow Hamilton||DL||NWE
squada00 	Damion Square||DE||SDG
stilke00 	Kenny Stills||WR||MIA
beasco00 	Cole Beasley||WR||DAL
andec.00 	C.J. Anderson||RB||DEN
hallde02 	Deiondre' Hall||CB||CHI
howatr02 	Tracy Howard||DB||CLE
suggte99 	Terrell Suggs||LB||RAV
jackty98 	Tyson Jackson||DE||ATL
sherri00 	Richard Sherman||DB||SEA
russke00 	KeiVarae Russell||CB||CIN
cunnbe01 	Benny Cunningham||RB||RAM
brambr00 	Bryan Braman||LB||PHI
addima00 	Mario Addison||DE||CAR
learro00 	Ronald Leary||G||DAL
allery01 	Ryan Allen||P||NWE
dixori00 	Riley Dixon||P||DEN
swaige00 	Geoff Swaim||TE||DAL
mcgrse00 	Sean McGrath||TE||SDG
hausst00 	Steven Hauschka||K||SEA
rambba00 	Bacarri Rambo||FS||MIA
jenkja01 	Jarvis Jenkins||DL||NYJ,KAN
jenkja03 	Janoris Jenkins||CB||NYG
carrco00 	Tank Carradine||DE||SFO
stafda00 	Daimion Stafford||FS||OTI
jackbr04 	Branden Jackson||DE||RAI
johnmi98 	Michael Johnson||DE||CIN
gillmi00 	Mike Gillislee||RB||BUF
jackka99 	Kareem Jackson||DB||HTX
wrigsh00 	Shareece Wright||DB||RAV
mccoge99 	Gerald McCoy||DT||TAM
rilepe00 	Perry Riley||LB||RAI
thomch03 	Chris Thompson||RB||WAS
browda04 	Daniel Brown||WR||RAV,CHI
morral00 	Alfred Morris||RB||DAL
coxxfl00 	Fletcher Cox||DT||PHI
richjo00 	Jordan Richards||SS||NWE
thorne00 	Neiko Thorpe||DB||SEA
ginnte00 	Ted Ginn||WR||CAR
fullwi01 	Will Fuller||WR||HTX
watsde99 	Dekoda Watson||LB||DEN
carrry00 	Ryan Carrethers||DT||SDG
shepke00 	Kelvin Sheppard||LB||NYG
clarch21 	Chris Clark||T||HTX
dosslo00 	Lorenzo Doss||CB||DEN
mitcte00 	Terrance Mitchell||CB||KAN
mautmi00 	Michael Mauti||OLB||NOR
fortma00 	Matt Forte||RB||NYJ
grugka00 	Kamu Grugier-Hill||OLB||PHI
brooro01 	Ron Brooks||CB||PHI
kendla00 	Lance Kendricks||TE||RAM
ansaez00 	Ezekiel Ansah||DE||DET
allean02 	Antonio Allen||SS||NYJ
thomda05 	Darian Thompson||FS||NYG
mccabo01 	Bobby McCain||CB||MIA
sandem00 	Emmanuel Sanders||WR||DEN
woodro02 	Robert Woods||WR||BUF
blacan00 	Angelo Blackson||DT||OTI
perrbr02 	Breshad Perriman||WR||RAV
hilljo02 	Josh Hill||TE||NOR
joneta01 	Taiwan Jones||ILB||NYJ
joneta00 	Taiwan Jones||RB||RAI
davico02 	Cody Davis||S||RAM
hydemi00 	Micah Hyde||CB||GNB
whitlu00 	Lucky Whitehead||WR||DAL
westet00 	Ethan Westbrooks||DE||RAM
valevi00 	Vincent Valentine||DT||NWE
vigini00 	Nick Vigil||ILB||CIN
gipsta00 	Tashaun Gipson||DB||JAX
reedjo02 	Jordan Reed||TE||WAS
simmju00 	Justin Simmons||FS||DEN
achosa00 	Sam Acho||OLB||CHI
rodgaa00 	Aaron Rodgers||QB||GNB
thomro04 	Robert Thomas||NT||NYG
laurja99 	James Laurinaitis||LB||NOR
petead01 	Adrian Peterson||RB||MIN
magecr00 	Craig Mager||CB||SDG
lippto00 	Tony Lippett||WR||MIA
faleda00 	David Fales||QB||CHI
autrde00 	Denico Autry||DE||RAI
shelda01 	Danny Shelton||DT||CLE
darkor00 	Orleans Darkwa||RB||NYG
edwama01 	Mario Edwards||DE||RAI
jameje00 	Jesse James||TE||PIT
krugpa99 	Paul Kruger||DE||NOR
willsh02 	Shawn Williams||SS||CIN
gronro00 	Rob Gronkowski||TE||NWE
milero00 	Rontez Miles||FS||NYJ
krofty00 	Tyler Kroft||TE||CIN
judoma00 	Matt Judon||DE||RAV
fostma00 	Mason Foster||LB||WAS
hogake00 	Kevin Hogan||QB||CLE
carpda44 	Dan Carpenter||K||BUF
hickjo00 	Jordan Hicks||OLB||PHI
decker00 	Eric Decker||WR||NYJ
danimi00 	Mike Daniels||DT||GNB
fostd.01 	D.J. Foster||RB||NWE
granja00 	Jakeem Grant||WR||MIA
couski00 	Kirk Cousins||QB||WAS
juszky00 	Kyle Juszczyk||FB||RAV
crowja00 	Jamison Crowder||WR||WAS
grifro01 	Robert Griffin||QB||CLE
harran01 	Anthony Harris||DB||MIN
maggcu01 	Curt Maggitt||LB||CLT
moatar00 	Arthur Moats||LB||PIT
kearje01 	Jermaine Kearse||WR||SEA
fortl.00 	L.J. Fort||LB||PIT
amukpr00 	Prince Amukamara||CB||JAX
davila00 	Lavonte David||OLB||TAM
bassda00 	David Bass||DE||OTI
giacbr20 	Breno Giacomini||G||NYJ
bloule00 	LeGarrette Blount||RB||NWE
gorefr00 	Frank Gore||RB||CLT
coletr20 	Trent Cole||DE||CLT
ryanlo00 	Logan Ryan||CB||NWE
smitte01 	Telvin Smith||ILB||JAX
hursde00 	Demontre Hurst||CB||CHI
smitte04 	Terrance Smith||LB||KAN
okunru20 	Russell Okung||T||DEN
freedo20 	Doug Free||T||DAL
carrle00 	Leonte Carroo||WR||MIA
nelsco00 	Corey Nelson||OLB||DEN
misiko99 	Koa Misi||LB||MIA
whitja02 	James White||RB||NWE
ellija01 	Javien Elliott||CB||TAM
ellija02 	Jayrone Elliott||LB||GNB
thompe00 	Peyton Thompson||CB||JAX
golske20 	Kedric Golston||DT||WAS
joneho01 	Howard Jones||LB||TAM
alleri00 	Ricardo Allen||CB||ATL
cartbr00 	Bruce Carter||LB||NYJ
spense00 	Sean Spence||LB||OTI
taylst00 	Stepfan Taylor||RB||CRD
moorsi00 	Sio Moore||OLB||CLT,KAN,CRD
perkpa00 	Paul Perkins||RB||NYG
coopma00 	Marcus Cooper||CB||CRD
cockro00 	Ross Cockrell||CB||PIT
robide00 	Denard Robinson||WR||JAX
greedo00 	Dorial Green-Beckham||WR||PHI
skovsh00 	Shayne Skov||ILB||SFO
grahji00 	Jimmy Graham||TE||SEA
orrxle00 	Leon Orr||DT||MIA
alleja01 	Javorius Allen||RB||RAV
burttr01 	Trey Burton||TE||PHI
shepst00 	Sterling Shepard||WR||NYG
tatebr00 	Brandon Tate||WR||BUF
balddo00 	Doug Baldwin||WR||SEA
millvo00 	Von Miller||LB||DEN
colqdu20 	Dustin Colquitt||P||KAN
sefeau00 	Austin Seferian-Jenkins||TE||NYJ,TAM
tolbmi00 	Mike Tolbert||RB||CAR
lathda01 	Darius Latham||DT||RAI
magete00 	Terrence Magee||RB||SEA
ogbaem00 	Emmanuel Ogbah||DE||CLE
crawty00 	Tyrone Crawford||DE||DAL
mccuda00 	Daniel McCullers||DT||PIT
wilsra00 	Ramik Wilson||ILB||KAN
bethju00 	Justin Bethel||CB||CRD
greera00 	Rashad Greene||WR||JAX
murrde00 	DeMarco Murray||RB||OTI
lewata00 	Taylor Lewan||OT||OTI
fowlda00 	Dante Fowler||OLB||JAX
hurnal01 	Allen Hurns||WR||JAX
garnjo00 	Joshua Garnett||OG||SFO
willfr05 	Frankie Williams||CB||CLT
winser20 	Eric Winston||T||CIN
orrxza00 	Zach Orr||LB||RAV
smitto02 	Torrey Smith||WR||SFO
willjo07 	Jonathan Williams||RB||BUF
calhsh00 	Shilique Calhoun||DE||RAI
robybr00 	Bradley Roby||CB||DEN
hamico00 	Cobi Hamilton||WR||PIT
smitan01 	Antone Smith||RB||TAM
alonki00 	Kiko Alonso||ILB||MIA
boldan00 	Anquan Boldin||WR||DET
wilhmi00 	Michael Wilhoite||LB||SFO
smitro06 	Rod Smith||RB||DAL
barran00 	Anthony Barr||OLB||MIN
ebnena00 	Nate Ebner||DB||NWE
huntak01 	Akeem Hunt||RB||HTX
tartja00 	Jaquiski Tartt||SS||SFO
hoodev99 	Evander Hood||DT||WAS
lockty00 	Tyler Lockett||WR||SEA
mcclal00 	Albert McClellan||DE||RAV
mcevta01 	Tanner McEvoy||WR||SEA
wetzjo00 	John Wetzel||T||CRD
joseli99 	Linval Joseph||DT||MIN
fishja00 	Jake Fisher||OT||CIN
collal00 	Alex Collins||RB||SEA
fitzry00 	Ryan Fitzpatrick||QB||NYJ
morsth00 	Thomas Morstead||P||NOR
tannry00 	Ryan Tannehill||QB||MIA
davith20 	Thomas Davis||LB||CAR
ilokge00 	George Iloka||FS||CIN
heenbe00 	Ben Heeney||ILB||RAI
carrde00 	Derek Carrier||WR||WAS
carrde02 	Derek Carr||QB||RAI
bryanmat01 	Matt Bryant||K||ATL
zennza00 	Zach Zenner||RB||DET
leblcr01 	Cre'von LeBlanc||DB||CHI
irvibr00 	Bruce Irvin||DE||RAI
joneda04 	DaQuan Jones||DT||OTI
joneda03 	Datone Jones||DE||GNB
garvte00 	Terence Garvin||LB||WAS
hankjo00 	Johnathan Hankins||DT||NYG
blacwi20 	Will Blackmon||DB||WAS
coleco00 	Corey Coleman||WR||CLE
mcclro98 	Robert McClain||DB||CAR,SDG
hortwe00 	Wes Horton||DE||CAR
shazry00 	Ryan Shazier||OLB||PIT
ruckfr99 	Frostee Rucker||DE||CRD
boldbr00 	Brandon Bolden||RB||NWE
normjo01 	Josh Norman||CB||WAS
dangjo00 	Jordan Dangerfield||FS||PIT
hestde99 	Devin Hester||PR||RAV
higgra00 	Rashard Higgins||WR||CLE
simsle00 	LeShaun Sims||CB||OTI
mitcmi99 	Michael Mitchell||DB||PIT
wardt.99 	T.J. Ward||DB||DEN
coopph00 	Pharoh Cooper||WR||RAM
kueclu00 	Luke Kuechly||ILB||CAR
huntma00 	Margus Hunt||DE||CIN
simspa99 	Pat Sims||DT||CIN
smitma03 	Marcus Smith||DE||PHI
smitma02 	Malcolm Smith||OLB||RAI
watksa00 	Sammy Watkins||WR||BUF
mathro20 	Robert Mathis||DE||CLT
morgmi00 	Mike Morgan||LB||SEA
hayewi99 	William Hayes||DE||RAM
traily00 	Lynden Trail||LB||WAS
royaed00 	Eddie Royal||WR||CHI
joneha02 	Harold Jones-Quartey||DB||CHI
peteco00 	Corey Peters||DT||CRD
butlcr99 	Crezdon Butler||DB||DET
joneju02 	Julio Jones||WR||ATL
bailal00 	Allen Bailey||DL||KAN
barrsh00 	Shaquil Barrett||OLB||DEN
burrju00 	Juston Burris||CB||NYJ
oswebr00 	Brock Osweiler||QB||HTX
shorce00 	Cecil Shorts||WR||TAM
grahbr99 	Brandon Graham||DE||PHI
simoth00 	Tharold Simon||CB||CRD
sharta00 	Tajae Sharpe||WR||OTI
burfvo00 	Vontaze Burfict||LB||CIN
morrda01 	Darryl Morris||CB||CLT
ogbuce00 	Cedric Ogbuehi||OT||CIN
fedete00 	Terrence Fede||DE||MIA
brooah21 	Ahmad Brooks||LB||SFO
walsbl00 	Blair Walsh||K||MIN
charja00 	Jamaal Charles||RB||KAN
landja00 	Jarvis Landry||WR||MIA
counbl00 	Blake Countess||CB||RAM
kleiaj00 	A.J. Klein||ILB||CAR
robeda00 	Darryl Roberts||CB||NYJ
grimbr20 	Brent Grimes||DB||TAM
gilbwa00 	Wallace Gilberry||DE||DET,CIN
ryanjo21 	Jon Ryan||P||SEA
lockje00 	Jeff Locke||P||MIN
dixobr01 	Brian Dixon||CB||NOR
johnra98 	Rashad Johnson||DB||OTI
nelsst01 	Steven Nelson||CB||KAN
kingma00 	Marquette King||P||RAI
derba.00 	A.J. Derby||TE||NWE,DEN
mccabr99 	Brice McCain||DB||OTI
willsy00 	Sylvester Williams||DT||DEN
jonech05 	Christian Jones||ILB||CHI
jonech04 	Chris Jones||DT||MIA,SFO
jonech03 	Chandler Jones||DE||CRD
jonech02 	Chris Jones||P||DAL
jonech09 	Chris Jones||DT||KAN
coylbr00 	Brock Coyle||LB||SEA
mcdova00 	Vance McDonald||TE||SFO
travro00 	Ross Travis||TE||KAN
broctr00 	Tramaine Brock||DB||SFO
glowma00 	Mark Glowinski||OG||SEA
greea.00 	A.J. Green||WR||CIN
turnpa01 	Paul Turner||WR||PHI
jenkjo01 	Jordan Jenkins||OLB||NYJ
jenkjo00 	John Jenkins||DT||SEA,NOR
salagr00 	Greg Salas||WR||BUF
willto00 	Tourek Williams||DE||SDG
jackmy00 	Myles Jack||OLB||JAX
powebi00 	Bilal Powell||RB||NYJ
benwbe00 	Bene Benwikere||CB||CAR
smitst01 	Steve Smith||WR||RAV
willbr02 	Brandon Williams||DT||RAV
willbr04 	Brandon Williams||TE||SEA
parkco03 	Cody Parkey||K||CLE
willbr07 	Brandon Williams||CB||CRD
desipi00 	Pierre Desir||CB||SDG
meekjo01 	Jonathan Meeks||S||BUF
crabmi00 	Michael Crabtree||WR||RAI
joynla00 	Lamarcus Joyner||CB||RAM
lawssh00 	Shaq Lawson||DE||BUF
oleani00 	Nick O'Leary||TE||BUF
stoclu00 	Luke Stocker||TE||TAM
boswch00 	Chris Boswell||K||PIT
morran01 	Antonio Morrison||ILB||CLT
lotust00 	Star Lotulelei||DT||CAR
gregra00 	Randy Gregory||DE||DAL
gratdw00 	Dwayne Gratz||CB||RAM,JAX
housju00 	Justin Houston||LB||KAN
bennar00 	Arrelious Benn||WR||JAX
cobbra00 	Randall Cobb||WR||GNB
bradni00 	Nigel Bradham||OLB||PHI
harbcl00 	Clay Harbor||TE||NWE,DET
bellni01 	Nick Bellore||LB||SFO
gatean00 	Antonio Gates||TE||SDG
housda00 	Davon House||DB||JAX
thommi02 	Michael Thomas||S||MIA
joneja99 	Jason Jones||DT||MIA
warrgr20 	Greg Warren||C||PIT
thommi04 	Mike Thomas||WR||RAM
thommi05 	Michael Thomas||WR||NOR
worlda00 	Daryl Worley||CB||CAR
hitcan00 	Anthony Hitchens||OLB||DAL
walkty00 	Tyrunn Walker||DL||DET
sendan00 	Andrew Sendejo||DB||MIN
jackas00 	Asa Jackson||CB||DET
kingde00 	Deon King||LB||CLT,SDG
hundbr00 	Brett Hundley||QB||GNB
wentca00 	Carson Wentz||QB||PHI
gillcr00 	Crockett Gillmore||TE||RAV
mackkh00 	Khalil Mack||OLB||RAI
hamian01 	Antonio Hamilton||CB||RAI
popetr00 	Troymaine Pope||RB||NYJ,SEA
willni01 	Nicholas Williams||DT||MIA,KAN
johnau01 	Austin Johnson||DT||OTI
nelsjo00 	Jordy Nelson||WR||GNB
langke98 	Kendall Langford||DE||CLT
westch01 	Charcandrick West||RB||KAN
longma00 	Matt Longacre||DE||RAM
bakech99 	Chris Baker||DT||WAS
gayxwi99 	William Gay||DB||PIT
sterne00 	Neal Sterling||WR||JAX
hender99 	Erin Henderson||LB||NYJ
wilsc.98 	C.J. Wilson||DE||CHI
daltan00 	Andy Dalton||QB||CIN
davive00 	Vernon Davis||TE||WAS
fowlbe00 	Bennie Fowler||WR||DEN
willky20 	Kyle Williams||DT||BUF
currvi00 	Vinny Curry||DE||PHI
thomju00 	Julius Thomas||TE||JAX
pryote00 	Terrelle Pryor||QB||CLE
walder99 	Erik Walden||DE||CLT
nelsro00 	Robert Nelson||FS||HTX
bortbl00 	Blake Bortles||QB||JAX
armsra01 	Ray-Ray Armstrong||LB||SFO
lewima00 	Marcedes Lewis||TE||JAX
ogleal00 	Alec Ogletree||OLB||RAM
mcgike00 	Keith McGill||CB||RAI
johnca01 	Cam Johnson||DE||CLE
hickak00 	Akiem Hicks||DE||CHI
hillbr01 	Bronson Hill||RB||JAX
lacyed00 	Eddie Lacy||RB||GNB
kirkch00 	Christian Kirksey||OLB||CLE
searda00 	Da'Norris Searcy||DB||OTI
davity01 	Tyeler Davison||DT||NOR
emanky00 	Kyle Emanuel||OLB||SDG
wardji01 	Jimmie Ward||SS||SFO
robike01 	Keenan Robinson||OLB||NYG
johndo02 	Dontae Johnson||FS||SFO
attaje00 	Jeremiah Attaochu||OLB||SDG
sanumo00 	Mohamed Sanu||WR||ATL
carpja00 	James Carpenter||OL||NYJ
ripkaa00 	Aaron Ripkowski||FB||GNB
kernbr20 	Brett Kern||P||OTI
barnga01 	Gary Barnidge||TE||CLE
johnjo07 	Josh Johnson||DB||JAX
okwaro01 	Romeo Okwara||DE||NYG
garoji00 	Jimmy Garoppolo||QB||NWE
adjeju00 	Jude Adjei-Barimah||CB||TAM
worrpa00 	Paul Worrilow||LB||ATL
mcafpa44 	Pat McAfee||K||CLT
loveky00 	Kyle Love||DT||CAR
thomde05 	De'Anthony Thomas||RB||KAN
thomde04 	Deonte Thompson||WR||CHI
thomde03 	Demaryius Thomas||WR||DEN
grisge00 	Geneo Grissom||OLB||NWE
inmado00 	Dontrelle Inman||WR||SDG
mosede00 	Dezman Moses||LB||KAN
ishmke00 	Kemal Ishmael||DB||ATL
mcgit.00 	T.Y. McGill||DT||CLT
johntr05 	Trumaine Johnson||CB||RAM
walfcl00 	Clive Walford||TE||RAI
wrigja02 	Jarius Wright||WR||MIN
wrigja03 	James Wright||WR||CIN
collla00 	Landon Collins||SS||NYG
cardta00 	Tank Carder||ILB||CLE
talilo00 	Lorenzo Taliaferro||RB||RAV
chekch00 	Chimdi Chekwa||DB||MIA
clarke01 	Kenny Clark||DT||GNB
chunpa99 	Patrick Chung||DB||NWE
murrpa01 	Patrick Murray||K||CLE
sheaja00 	Jabaal Sheard||DL||NWE
wardte00 	Terron Ward||RB||ATL
kochsa20 	Sam Koch||P||RAV
wingbr00 	Brad Wing||P||NYG
palami00 	Michael Palardy||K||CAR
ihedja00 	James Ihedigbo||DB||BUF
novaknic01 	Nick Novak||K||HTX
beadza20 	Zane Beadles||T||SFO
covich00 	Christian Covington||DT||HTX
mataty00 	Tyler Matakevich||ILB||PIT
enunqu00 	Quincy Enunwa||WR||NYJ
sheade00 	DeShawn Shead||DB||SEA
zuergr00 	Greg Zuerlein||K||RAM
parama00 	Matt Paradis||C||DEN
teoxma00 	Manti Te'o||ILB||SDG
asiama00 	Matt Asiata||FB||MIN
zuttje20 	Jeremy Zuttah||G||RAV
paszau00 	Austin Pasztor||OL||CLE
smital03 	Alex Smith||QB||KAN
johnje02 	Jeron Johnson||DB||SEA
jeroto00 	Tony Jerod-Eddie||DT||SFO
gholwi00 	William Gholston||DE||TAM
marsbr01 	Brandon Marshall||OLB||DEN
marsbr00 	Brandon Marshall||WR||NYJ
martfr00 	Freddie Martino||WR||TAM
wrigsc00 	Scooby Wright||ILB||CRD
smitga01 	Garrison Smith||DT||SEA
gresje00 	Jermaine Gresham||TE||CRD
lambda01 	DaVonte Lambert||DT||TAM
banyjo00 	Joe Banyard||RB||JAX
nixxro01 	Roosevelt Nix||LB||PIT
alexdo01 	Dominique Alexander||LB||CLE
petepa00 	Patrick Peterson||CB||CRD
thomca99 	Cam Thomas||DT||RAM
darema00 	Marcell Dareus||DT||BUF
alleke00 	Keenan Allen||WR||SDG
jonepa20 	Adam Jones||DB||CIN
vitada00 	Dan Vitale||FB||CLE
manhch00 	Chris Manhertz||TE||CAR,NOR
richpa01 	Paul Richardson||WR||SEA
hennch01 	Chad Henne||QB||JAX
robecr00 	Craig Robertson||LB||NOR
schrry00 	Ryan Schraeder||T||ATL
wilsda02 	Damien Wilson||ILB||DAL
geatcl00 	Clayton Geathers||SS||CLT
huntmi00 	Michael Hunter||CB||NYG
bryaar00 	Armonty Bryant||DE||DET
richda00 	Daryl Richardson||RB||PIT
cromma01 	Marcus Cromartie||CB||SFO
bethan20 	Antoine Bethea||DB||SFO
pleaed00 	Eddie Pleasant||SS||HTX
berrer99 	Eric Berry||DB||KAN
purcmi00 	Mike Purcell||DT||SFO
bradja00 	James Bradberry||CB||CAR
smitda24 	Daryl Smith||LB||TAM
churba99 	Barry Church||DB||DAL
butlve00 	Vernon Butler||DT||CAR
davich05 	Chris Davis||CB||SFO
zettan00 	Anthony Zettel||DE||DET
bosttr00 	Tre Boston||FS||CAR
johnan02 	Andre Johnson||WR||OTI
johnan04 	Anthony Johnson||DT||NYJ,NWE
johnan05 	Anthony Johnson||DL||
jonela02 	Landry Jones||QB||PIT
celega00 	Garrett Celek||TE||SFO
mallry00 	Ryan Mallett||QB||RAV
lascda00 	Daniel Lasco||RB||NOR
willte01 	Terrance Williams||WR||DAL
stafma00 	Matthew Stafford||QB||DET
bushje20 	Jermon Bushrod||T||MIA
barthco01 	Connor Barth||K||CHI
wilcj.00 	J.J. Wilcox||S||DAL
marqbr00 	Bradley Marquez||WR||RAM
nelsre99 	Reggie Nelson||DB||RAI
mathty00 	Tyrann Mathieu||CB||CRD
reider00 	Eric Reid||FS||SFO
milljo04 	John Miller||OG||BUF
milljo02 	Jordan Mills||OT||BUF
ertzza00 	Zach Ertz||TE||PHI
harrma05 	Maurice Harris||WR||WAS
ayerro99 	Robert Ayers||DE||TAM
tuitst00 	Stephon Tuitt||DT||PIT
mcclsh00 	Shea McClellin||DE||NWE
logabe00 	Bennie Logan||DT||PHI
freejo01 	Jonathan Freeny||DE||NWE
brayqu00 	Quan Bray||WR||CLT
walkhu00 	Delanie Walker||TE||OTI
heueje00 	Jeff Heuerman||TE||DEN
vannni00 	Nick Vannett||TE||SEA
mcglma01 	Matt McGloin||QB||RAI
everde01 	Deshazor Everett||CB||WAS
harpch01 	Chris Harper||WR||SFO
toomko00 	Korey Toomer||ILB||SDG
bromja00 	Jay Bromley||DT||NYG
halxan00 	Andre Hal||CB||HTX
hairch00 	Chris Hairston||OL||SDG
quigry00 	Ryan Quigley||P||CRD
petema00 	Marcus Peters||CB||KAN
watkja01 	Jaylen Watkins||CB||PHI
randda00 	Damarious Randall||FS||GNB
grifev99 	Everson Griffen||DE||MIN
boydty00 	Tyler Boyd||WR||CIN
kendmy00 	Mychal Kendricks||ILB||PHI
bankjo00 	Johnthan Banks||CB||TAM,DET,CHI
branan00 	Andre Branch||DE||MIA
momaif00 	Ifeanyi Momah||WR||CRD
mccode99 	Devin McCourty||DB||NWE
quingl99 	Glover Quin||DB||DET
lawsne00 	Nevin Lawson||CB||DET
bellle00 	Le'Veon Bell||RB||PIT
andero04 	Robby Anderson||WR||NYJ
willda05 	Damien Williams||RB||MIA
abduis00 	Isa Abdul-Quddus||S||MIA
lewike00 	Kendrick Lewis||DB||RAV
hawkan00 	Andrew Hawkins||WR||CLE
mccrle01 	Lerentee McCray||LB||BUF
clarfr01 	Frank Clark||DE||SEA
harrdw00 	Dwayne Harris||WR||NYG
unremi00 	Mitch Unrein||DT||CHI
peppju99 	Julius Peppers||DE||GNB
marsca00 	Cassius Marsh||DE||SEA
garlbe00 	Ben Garland||DL||ATL
sproda00 	Darren Sproles||RB||PHI
longch99 	Chris Long||DE||NWE
solipa99 	Paul Soliai||DT||CAR
crosma20 	Mason Crosby||K||GNB
highti00 	Tim Hightower||RB||NOR
catami00 	Mike Catapano||DE||NYJ
tatego00 	Golden Tate||WR||DET
whitdo20 	Donte Whitner||DB||WAS
dixoke00 	Kenneth Dixon||RB||RAV
darbro00 	Ronald Darby||CB||BUF
supeph00 	Phillip Supernaw||TE||OTI
hartta00 	Taylor Hart||DE||SFO
whitch02 	Charlie Whitehurst||QB||CLE
lechsh20 	Shane Lechler||P||HTX
mathri99 	Ricardo Mathews||DT||PIT
tammja00 	Jacob Tamme||TE||ATL
gaine.00 	E.J. Gaines||CB||RAM
foxxmo00 	Morgan Fox||DL||RAM
liugco00 	Corey Liuget||DT||SDG
paytjo00 	Jordan Payton||WR||CLE
willty00 	Tyrell Williams||WR||SDG
kennde00 	Devon Kennard||OLB||NYG
daviwi02 	Will Davis||CB||RAV
myerbr00 	Brandon Myers||TE||TAM
yeldt.00 	T.J. Yeldon||RB||JAX
schuja00 	Jake Schum||P||GNB
lasipa00 	Paul Lasike||FB||CHI
catach00 	Chandler Catanzaro||K||CRD
danich00 	Chase Daniel||QB||PHI
artica00 	Cameron Artis-Payne||RB||CAR
riveph00 	Philip Rivers||QB||SDG
addaja00 	Jahleel Addae||S||SDG
belljo02 	Josh Bellamy||WR||CHI
belljo01 	Joique Bell||RB||CHI,DET
moorch00 	Chris Moore||WR||RAV
prosch00 	Chris Prosinski||DB||CHI
callbr00 	Bryce Callahan||CB||CHI
alexkw00 	Kwon Alexander||OLB||TAM
careka00 	Ka'Deem Carey||RB||CHI
dawsophi01 	Phil Dawson||K||SFO
adamje01 	Jerell Adams||TE||NYG
mcclde00 	Dexter McCluster||WR||SDG
thiead00 	Adam Thielen||WR||MIN
kasedr00 	Drew Kaser||P||SDG
rayxsh00 	Shane Ray||DE||DEN
howaja00 	Jaye Howard||DT||KAN
willan01 	Antwione Williams||OLB||DET
willan00 	Andre Williams||RB||SDG
websla00 	Larry Webster||DE||CAR
urbabr00 	Brent Urban||DE||RAV
thorce00 	Cedric Thornton||DT||DAL
levian00 	Anthony Levine||S||RAV
poolbr01 	Brian Poole||S||ATL
melvra00 	Rashaan Melvin||CB||CLT
avricl99 	Cliff Avril||DE||SEA
wynnke00 	Kerry Wynn||DE||NYG
tappda20 	Darryl Tapp||DE||NOR
butlbr00 	Brice Butler||WR||DAL
washde00 	DeAndre Washington||RB||RAI
bookde00 	Devontae Booker||RB||DEN
gilcma00 	Marcus Gilchrist||DB||NYJ
freedw00 	Dwight Freeney||DE||ATL
maurjo00 	Josh Mauro||DE||CRD
cutlja00 	Jay Cutler||QB||CHI
vaeade01 	Destiny Vaeao||DT||PHI
mcdato20 	Tony McDaniel||DT||SEA
kingbr02 	Brandon King||DB||NWE
bowmna99 	NaVorro Bowman||LB||SFO
jamemi00 	Mike James||RB||TAM
heatjo01 	Joel Heath||DE||HTX
maclje00 	Jeremy Maclin||WR||KAN
davimi01 	Mike Davis||RB||SFO
adamda01 	Davante Adams||WR||GNB
goodde00 	Demetri Goodson||CB||GNB
periju00 	Justin Perillo||TE||GNB
pinibr00 	Bradley Pinion||P||SFO
croman20 	Antonio Cromartie||DB||CLT
joneca01 	Cardale Jones||QB||BUF
hewiry00 	Ryan Hewitt||FB||CIN
doddke00 	Kevin Dodd||DE||OTI
smitch03 	Chris Smith||DE||JAX
austta00 	Tavon Austin||WR||RAM
simode00 	Deon Simon||NT||NYJ
millro99 	Roy Miller||DT||JAX
myerja00 	Jason Myers||K||JAX
coleku99 	Kurt Coleman||LB||CAR
ingrma01 	Mark Ingram||RB||NOR
barbpe01 	Peyton Barber||RB||TAM
amerda00 	David Amerson||CB||RAI
ellial01 	Alex Ellis||TE||JAX
greech99 	Chad Greenway||LB||MIN
devase00 	Seth Devalve||TE||CLE
wilsal02 	Albert Wilson||WR||KAN
mayoda00 	David Mayo||ILB||CAR
brutda99 	David Bruton||DB||WAS
piermi00 	Michael Pierce||DT||RAV
hoyebr00 	Brian Hoyer||QB||CHI
sensco00 	Coty Sensabaugh||CB||RAM,NYG
glanad00 	Adarius Glanton||LB||TAM
wrigke01 	Kendall Wright||WR||OTI
fackky00 	Kyler Fackrell||OLB||GNB
pennmi00 	Mike Pennel||DT||GNB
miltch00 	Christopher Milton||CB||CLT
lengma00 	Matt Lengel||TE||NWE
pierke00 	Kevin Pierre-Louis||OLB||SEA
blairo00 	Ronald Blair||DE||SFO
tandke00 	Keith Tandy||CB||TAM
joneab00 	Abry Jones||DT||JAX
holmty01 	Tyrone Holmes||OLB||CLE
andejo01 	Jonathan Anderson||LB||CHI
perkjo02 	Joshua Perkins||TE||ATL
schama00 	Matt Schaub||QB||ATL
goodma01 	Malliciah Goodman||DE||ATL,SEA
goodma00 	Marquise Goodwin||WR||BUF
standr00 	Drew Stanton||QB||CRD
barnad01 	Adairius Barnes||CB||DET
romoto00 	Tony Romo||QB||DAL
mintke00 	Kevin Minter||ILB||CRD
coleau00 	Audie Cole||ILB||MIN
willle02 	Leonard Williams||DT||NYJ
lyncaa00 	Aaron Lynch||DE||SFO
perrjo01 	Joshua Perry||OLB||SDG
garcpi00 	Pierre Garcon||WR||WAS
goodza00 	Zaviar Gooden||OLB||DET,CRD
mccojo01 	Josh McCown||QB||CLE
schojo00 	Joe Schobert||OLB||CLE
fairni00 	Nick Fairley||DT||NOR
alexd.00 	D.J. Alexander||OLB||KAN
goodb.00 	B.J. Goodson||OLB||NYG
wilbky00 	Kyle Wilber||OLB||DAL
wayxtr00 	Tress Way||P||WAS
taylde00 	Devin Taylor||DE||DET
poweje99 	Jerraud Powers||DB||RAV
mercwh00 	Whitney Mercilus||DE||HTX
weatse99 	Sean Weatherspoon||LB||ATL
berhna00 	Nat Berhe||SS||NYG
johnch08 	Charles Johnson||WR||MIN
philjo01 	Jordan Phillips||DT||MIA
janoan00 	Andy Janovich||FB||DEN
johnch04 	Chris Johnson||RB||CRD
willvi01 	Vince Williams||ILB||PIT
lambjo00 	Josh Lambo||K||SDG
watste00 	Terrell Watson||RB||PHI
davivo99 	Vontae Davis||DB||CLT
byarke01 	Kevin Byard||S||OTI
moslc.00 	C.J. Mosley||ILB||RAV
mckij.00 	J.D. McKissic||WR||SEA
nicoda00 	Dadi Nicolas||DE||KAN
willte00 	Teddy Williams||WR||CAR
palmca00 	Carson Palmer||QB||CRD
henrhu00 	Hunter Henry||TE||SDG
bosajo00 	Joey Bosa||DE||SDG
wittja00 	Jason Witten||TE||DAL
mckele99 	Leodis McKelvin||DB||PHI
pittde00 	Dennis Pitta||TE||RAV
drakke00 	Kenyan Drake||RB||MIA
alledw00 	Dwayne Allen||TE||CLT
andehe00 	Henry Anderson||DE||CLT
millha00 	Harlan Miller||CB||CRD
compwi00 	William Compton||LB||WAS
butlje01 	Jeremy Butler||WR||SDG
verrja00 	Jason Verrett||CB||SDG
willma22 	Mario Williams||DE||MIA
harpro21 	Roman Harper||DB||NOR
rubiah99 	Ahtyba Rubin||NT||SEA
lafebr00 	Brandon LaFell||WR||CIN
whitta00 	Tahir Whitehead||OLB||DET
parkde01 	DeVante Parker||WR||MIA
olawja00 	Jamize Olawale||FB||RAI
martga00 	Gabe Martin||LB||CRD
munnca99 	Captain Munnerlyn||DB||MIN
tousfi00 	Fitzgerald Toussaint||RB||PIT
gabbbl00 	Blaine Gabbert||QB||SFO
parrda00 	David Parry||NT||CLT
jenkje00 	Jelani Jenkins||OLB||MIA
cravsu00 	Su'a Cravens||OLB||WAS
goffja00 	Jared Goff||QB||RAM
mitcea99 	Earl Mitchell||DT||MIA
bradto00 	Tom Brady||QB||NWE
harrde03 	Demetrius Harris||TE||KAN
harrde04 	De'Vante Harris||DB||NOR
lutzwi00 	Wil Lutz||K||NOR
reynla00 	LaRoy Reynolds||LB||ATL
wakeca00 	Cameron Wake||LB||MIA
murrla00 	Latavius Murray||RB||RAI
fleeco00 	Coby Fleener||TE||NOR
mcropa00 	Paul McRoberts||WR||RAM
haroel00 	Eli Harold||OLB||SFO
warmju00 	Julius Warmsley||DE||MIA
hayddj00 	D.J. Hayden||CB||RAI
britke00 	Kenny Britt||WR||RAM
gurlto01 	Todd Gurley||RB||RAM
wheeph99 	Philip Wheeler||LB||ATL
quicbr00 	Brian Quick||WR||RAM
wayntr00 	Trae Waynes||CB||MIN
heywca01 	Cameron Heyward||DE||PIT
amosad00 	Adrian Amos||FS||CHI
younwi99 	Willie Young||DE||CHI
frazka00 	Kavon Frazier||FS||DAL
killmi00 	Miles Killebrew||SS||DET
benjtr00 	Travis Benjamin||WR||SDG
ebroer00 	Eric Ebron||TE||DET
smitpr00 	Preston Smith||DE||WAS
browja03 	Jaron Brown||WR||CRD
browja05 	Jatavis Brown||OLB||SDG
maxwby00 	Byron Maxwell||DB||MIA
coopam00 	Amari Cooper||WR||RAI
ayerak00 	Akeem Ayers||LB||CLT
nealke01 	Keanu Neal||FS||ATL
carrtr00 	T.J. Carrie||CB||RAI
kuhnjo00 	John Kuhn||FB||NOR
martsa01 	Sam Martin||P||DET
sittjo20 	Josh Sitton||G||CHI
butldr00 	Drew Butler||P||CRD
odigow00 	Owamagbe Odighizuwa||DE||NYG
schmco00 	Colton Schmidt||P||BUF
blanro00 	Robert Blanton||CB||BUF
strede00 	Devin Street||WR||CLT
jerrjo20 	John Jerry||G||NYG
mumpke00 	Keith Mumphery||WR||HTX
wheama00 	Markus Wheaton||WR||PIT
whitd.00 	D.J. White||CB||KAN
stewda00 	Darian Stewart||DB||DEN
harrdu01 	DuJuan Harris||RB||SFO
dialqu00 	Quinton Dial||DE||SFO
hubeke20 	Kevin Huber||P||CIN
franan01 	Andrew Franks||K||MIA
badejo00 	Johnson Bademosi||DB||DET
webska00 	Kayvon Webster||CB||DEN
smitse99 	Sean Smith||DB||RAI
odrija99 	Jared Odrick||DT||JAX
grahco99 	Corey Graham||DB||BUF
diggst00 	Stefon Diggs||WR||MIN
jameja01 	Ja'Wuan James||OT||MIA
mayobe00 	Benson Mayowa||DE||DAL
dorsph00 	Phillip Dorsett||WR||CLT
burkre00 	Rex Burkhead||RB||CIN
rogech02 	Chester Rogers||WR||CLT
reynch00 	Chase Reynolds||RB||RAM
reedja02 	Jarran Reed||DT||SEA
hydeca00 	Carlos Hyde||RB||SFO
johnda05 	David Johnson||TE||PIT
mattri00 	Rishard Matthews||WR||OTI
johnda08 	David Johnson||RB||CRD
joseka00 	Karl Joseph||SS||RAI
waltbr00 	Bryan Walters||WR||JAX
suhxnd99 	Ndamukong Suh||DT||MIA
shiesa00 	Sam Shields||DB||GNB
hallle98 	Leon Hall||DB||NYG
willke05 	Kerwynn Williams||RB||CRD
alforo00 	Robert Alford||CB||ATL
browph00 	Corey Brown||WR||CAR
kearja00 	Jayron Kearse||SS||MIN
willav00 	Avery Williamson||ILB||OTI
leexse99 	Sean Lee||LB||DAL
corrka00 	Kamalei Correa||OLB||RAV
ranksh00 	Sheldon Rankins||DT||NOR
millla01 	Lamar Miller||RB||HTX
ricede00 	Denzel Rice||DB||HTX
woodwe20 	Wesley Woodyard||LB||OTI
guiole99 	Letroy Guion||DT||GNB
bullra00 	Randy Bullock||K||PIT,NYG,CIN
santca01 	Cairo Santos||K||KAN
willxa00 	Xavier Williams||DT||CRD
simsdi00 	Dion Sims||TE||MIA
bynejo00 	Josh Bynes||LB||DET
marsni00 	Nick Marshall||CB||NYJ
taylty00 	Tyrod Taylor||QB||BUF
littco01 	Cory Littleton||LB||RAM
bennma00 	Martellus Bennett||TE||NWE
mccrke00 	Kelcie McCray||S||SEA
holtjo00 	Johnny Holton||WR||RAI
huntju00 	Justin Hunter||WR||MIA,BUF
dunnbr00 	Brandon Dunn||DT||HTX
hallde99 	DeAngelo Hall||DB||WAS
polupa99 	Paul Posluszny||LB||JAX
ballma00 	Marcus Ball||S||CAR,SFO
coopxa00 	Xavier Cooper||DT||CLE
reaske00 	Keith Reaser||CB||SFO
jonere99 	Reshad Jones||DB||MIA
gachan00 	Andrew Gachkar||OLB||DAL
coxxpe99 	Perrish Cox||DB||OTI
bailda00 	Dan Bailey||K||DAL
robibr98 	Brian Robison||DE||MIN
willst02 	Steve Williams||CB||RAM,SDG
martbl01 	Blake Martinez||ILB||GNB
andest01 	Stephen Anderson||TE||HTX
dimapa00 	Patrick DiMarco||FB||ATL
upshco00 	Courtney Upshaw||OLB||ATL
foleni00 	Nick Foles||QB||KAN
haywca00 	Casey Hayward||DB||SDG
forbka00 	Kai Forbath||K||MIN
bucade00 	Deone Bucannon||SS||CRD
ngakya00 	Yannick Ngakoue||OLB||JAX
mereca00 	Cameron Meredith||WR||CHI
janije00 	Jeff Janis||WR||GNB
jonejo03 	Jonathan Jones||DB||NWE
neassh00 	Sharrod Neasman||S||ATL
mcphpe00 	Pernell McPhee||DL||CHI
millza02 	Zach Miller||TE||CHI
wolfde00 	Derek Wolfe||DT||DEN
hawkjo00 	Josh Hawkins||CB||GNB
fresno00 	Nolan Frese||LS||SEA
elliju01 	Justin Ellis||DT||RAI
babijo20 	Jonathan Babineaux||DE||ATL
ngatha20 	Haloti Ngata||DT||DET
dunbla00 	Lance Dunbar||RB||DAL
taylja01 	Jamar Taylor||CB||CLE
reyned00 	Ed Reynolds||FS||CLE
smitha00 	Harrison Smith||FS||MIN
iupami20 	Mike Iupati||G||CRD
sturca00 	Caleb Sturgis||K||PHI
blueal00 	Alfred Blue||RB||HTX
robeni00 	Nickell Robey-Coleman||CB||BUF
toille00 	Levine Toilolo||TE||ATL
maullo00 	Lorenzo Mauldin||OLB||NYJ
hargve00 	Vernon Hargreaves||CB||TAM
thomsh01 	Shaq Thompson||OLB||CAR
robipa99 	Patrick Robinson||DB||CLT
coreco00 	Cody Core||WR||CIN
jernti00 	Timmy Jernigan||DT||RAV
donnla00 	Larry Donnell||TE||NYG
jordca00 	Cameron Jordan||DE||NOR
cruzvi00 	Victor Cruz||WR||NYG
abduam00 	Ameer Abdullah||RB||DET
reecma00 	Marcel Reece||TE||SEA
chrige00 	Gerald Christian||TE||BUF
kamauf00 	Ufomba Kamalu||DE||HTX
wilsru00 	Russell Wilson||QB||SEA
harmdu00 	Duron Harmon||FS||NWE
aguaro00 	Roberto Aguayo||K||TAM
johnle03 	Leonard Johnson||CB||CAR
vinatada01 	Adam Vinatieri||K||CLT
adaman01 	Andrew Adams||S||NYG
claimo00 	Morris Claiborne||CB||DAL
wardji02 	Jihad Ward||DE||RAI
harrda99 	David Harris||LB||NYJ
barkma00 	Matt Barkley||QB||CHI
bullma00 	Max Bullough||ILB||HTX
andeza01 	Zaire Anderson||LB||DEN
prosc.00 	C.J. Prosise||RB||SEA
davikn00 	Knile Davis||RB||GNB,KAN
cricja00 	Jared Crick||DT||DEN
ayerde00 	Demarcus Ayers||WR||PIT
floymi00 	Michael Floyd||WR||NWE,CRD
meanst00 	Steven Means||DE||PHI
robese00 	Seth Roberts||WR||RAI
murrer00 	Eric Murray||CB||KAN
mclero00 	Rodney McLeod||S||PHI
spenak00 	Akeem Spence||DT||TAM
bellvo00 	Vonn Bell||SS||NOR
grifmi99 	Michael Griffin||DB||CAR
morgda01 	David Morgan||TE||MIN
elleda99 	Dannell Ellerbe||LB||NOR
bushre00 	Reggie Bush||RB||BUF
blakan00 	Antwon Blake||CB||OTI
cookja02 	Jared Cook||TE||GNB
gotsad00 	Adam Gotsis||DT||DEN
jonear22 	Arthur Jones||DT||CLT
medeja00 	Jamie Meder||DT||CLE
irvida00 	David Irving||DE||DAL
browza00 	Zach Brown||OLB||BUF
woodda02 	Danny Woodhead||RB||SDG
pierja99 	Jason Pierre-Paul||DE||NYG
hillsh00 	Shaun Hill||QB||MIN
hillty00 	Tyreek Hill||WR||KAN
willma03 	Marcus Williams||CB||NYJ
willp.00 	P.J. Williams||CB||NOR
reyxvi00 	Vincent Rey||LB||CIN
rodgdo99 	Dominique Rodgers-Cromartie||DB||NYG
escoga00 	Gavin Escobar||TE||DAL
armbth00 	Thurston Armbrister||LB||DET
leexan20 	Andy Lee||P||CAR
slayda00 	Darius Slay||CB||DET
allena99 	Nate Allen||DB||RAI
hilltr01 	Troy Hill||CB||RAM
donaaa00 	Aaron Donald||DT||RAM
mcfada00 	Darren McFadden||RB||DAL
goldro00 	Robert Golden||S||PIT
gilbju00 	Justin Gilbert||CB||PIT
alexma00 	Maurice Alexander||SS||RAM
alexma01 	Mackensie Alexander||CB||MIN
freeje00 	Jerrell Freeman||LB||CHI
murptr00 	Trent Murphy||DE||WAS
wickco00 	Cole Wick||TE||DET
levyde99 	DeAndre Levy||LB||DET
latico00 	Cody Latimer||WR||DEN
darrma00 	Matt Darr||P||MIA
pullha00 	Hayes Pullard||ILB||JAX
stucda20 	Darrell Stuckey||S||SDG
poexdo00 	Dontari Poe||DT||KAN
andede00 	Derek Anderson||QB||CAR
rogeel00 	Eli Rogers||WR||PIT
adammi02 	Mike Adams||OT||CHI
caseju00 	Jurrell Casey||DL||OTI
webbjo00 	Joe Webb||WR||CAR
wilema01 	Matt Wile||K||ATL,CRD
barwco99 	Connor Barwin||DE||PHI
davide00 	Demario Davis||OLB||CLE
bouya.00 	A.J. Bouye||CB||HTX
burnmo99 	Morgan Burnett||DB||GNB
willaa00 	Aaron Williams||DB||BUF
marsja01 	Jalin Marshall||WR||NYJ
cookco00 	Connor Cook||QB||RAI
guntla00 	Ladarius Gunter||CB||GNB
colete01 	Tevin Coleman||RB||ATL
bryade01 	Dez Bryant||WR||DAL
pekoky00 	Kyle Peko||DT||DEN
decada00 	David DeCastro||G||PIT
angebr00 	Bryan Anger||P||TAM
willtr99 	Tramon Williams||DB||CLE
kessco00 	Cody Kessler||QB||CLE
bellbl00 	Blake Bell||TE||SFO
willwe00 	Wendall Williams||WR||HTX
webbbw00 	B.W. Webb||CB||NOR
manuej00 	EJ Manuel||QB||BUF
davike01 	Kellen Davis||TE||NYJ
crawja00 	Jack Crawford||DE||DAL
butldo99 	Donald Butler||LB||MIA
marsby01 	Byron Marshall||RB||PHI
rivemy00 	Mychal Rivera||TE||RAI
payssp00 	Spencer Paysinger||LB||MIA
hardju00 	Justin Hardy||WR||ATL
collja00 	Jamie Collins||OLB||NWE,CLE
collja02 	Jalen Collins||CB||ATL
martka00 	Kareem Martin||DE||CRD
jeffto00 	Tony Jefferson||FS||CRD
martdo00 	Doug Martin||RB||TAM
scanor99 	Orlando Scandrick||DB||DAL
clemke00 	Kellen Clemens||QB||SDG
orakbr99 	Brian Orakpo||LB||OTI
louiri00 	Ricardo Louis||WR||CLE
lindbr00 	Brandon Linder||OG||JAX
hogach00 	Chris Hogan||WR||NWE
jonecy00 	Cyrus Jones||CB||NWE
woodan02 	Antwaun Woods||NT||OTI
mannel00 	Eli Manning||QB||NYG
elliez00 	Ezekiel Elliott||RB||DAL
raymka00 	Kalif Raymond||WR||DEN
revida99 	Darrelle Revis||DB||NYJ
ramsja00 	Jalen Ramsey||FS||JAX
mannse00 	Sean Mannion||QB||RAM
barnke00 	Kenjon Barner||RB||PHI
buckde00 	DeForest Buckner||DE||SFO
heywda00 	Darrius Heyward-Bey||WR||PIT
olatay00 	Ayodeji Olatoye||DB||ATL
pekodo20 	Domata Peko||DT||CIN
wadetr00 	Trevin Wade||CB||NYG
jennra00 	Rashad Jennings||RB||NYG
hodgge00 	Gerald Hodges||OLB||SFO
scarbr00 	Brennan Scarlett||LB||HTX
murpma03 	Marcus Murphy||RB||NOR
harvpe00 	Percy Harvin||WR||BUF
jacked00 	Edwin Jackson||LB||CLT
powewa00 	Walt Powell||WR||BUF
goldbr00 	Brittan Golden||WR||CRD
spikbr99 	Brandon Spikes||LB||BUF
jackma02 	Malik Jackson||DT||JAX
winnbi00 	Billy Winn||DT||DEN
barnt.00 	T.J. Barnes||DT||KAN
atkige01 	George Atkinson||RB||CLE
johnch98 	Charles Johnson||DE||CAR
skutda00 	Dan Skuta||LB||JAX
armsar01 	Arik Armstead||DE||SFO
roetbe00 	Ben Roethlisberger||QB||PIT
martjo02 	Josh Martin||LB||NYJ
gainph00 	Phillip Gaines||CB||KAN
gabrta00 	Taylor Gabriel||WR||ATL
crowis00 	Isaiah Crowell||RB||CLE
therro00 	Robenson Therezie||SS||ATL
kirkdr00 	Dre Kirkpatrick||CB||CIN
robias00 	A'Shawn Robinson||DT||DET
aikeka00 	Kamar Aiken||WR||RAV
quinro00 	Robert Quinn||DE||RAM
coatsa00 	Sammie Coates||WR||PIT
colebr00 	Brandon Coleman||WR||NOR
westte00 	Terrance West||RB||RAV
colqbr00 	Britton Colquitt||P||CLE
heatje00 	Jeff Heath||S||DAL
boshma00 	Matthew Bosher||K||ATL
vaitha00 	Halapoulivaati Vaitai||OT||PHI
allebe00 	Beau Allen||DT||PHI
colvaa00 	Aaron Colvin||CB||JAX
onyeda00 	David Onyemata||DT||NOR
woodal99 	Al Woods||DT||OTI
mingba00 	Barkevious Mingo||OLB||NWE
gouldrob01 	Robbie Gould||K||NYG
wilsta00 	Tavon Wilson||FS||DET
mcfale00 	Leon McFadden||CB||DAL
mcdobr01 	Bradley McDougald||FS||TAM
robial00 	Aldrick Robinson||WR||ATL
robial02 	Allen Robinson||WR||JAX
shawjo00 	Josh Shaw||CB||CIN
pettbr01 	Bryce Petty||QB||NYJ
davitr03 	Trevor Davis||WR||GNB
fitzla00 	Larry Fitzgerald||WR||CRD
morgde99 	Derrick Morgan||DE||OTI
thomla04 	Lawrence Thomas||DE||NYJ
collma00 	Maliek Collins||DT||DAL
stroja01 	Jaelen Strong||WR||HTX
pattqu00 	Quinton Patton||WR||SFO
savato00 	Tom Savage||QB||HTX
bryac.00 	C.B. Bryant||FS||CRD
coleju01 	Justin Coleman||CB||NWE
braube00 	Ben Braunecker||TE||CHI
howajo00 	Jordan Howard||RB||CHI
siemtr00 	Trevor Siemian||QB||DEN
nixota00 	Taurean Nixon||DB||DEN
ashxri00 	Richard Ash||DT||DAL,JAX
marima01 	Marcus Mariota||QB||OTI
marima00 	Marc Mariani||WR||OTI
johnma06 	Malcolm Johnson||FB||CLE
cartch00 	Chris Carter||DL||RAV,CLT
burbaa00 	Aaron Burbridge||WR||SFO
fowlja00 	Jalston Fowler||FB||OTI
amarja00 	Jace Amaro||TE||OTI
guyxwi00 	Winston Guy||DB||CLT
granry01 	Ryan Grant||WR||WAS
moorda01 	Damontre Moore||DE||SEA
broote00 	Terrence Brooks||FS||PHI
bryaco00 	Corbin Bryant||DE||BUF
bateho00 	Houston Bates||OLB||WAS
dayxsh00 	Sheldon Day||DT||JAX
mcgest01 	Stacy McGee||DT||RAI
alexlo99 	Lorenzo Alexander||DT||BUF
flacjo00 	Joe Flacco||QB||RAV
folkni20 	Nick Folk||K||NYJ
tolzsc00 	Scott Tolzien||QB||CLT
philad00 	Adrian Phillips||DB||SDG
dentak00 	Akeem Dent||LB||HTX
willda99 	Dan Williams||DT||RAI
wilkmu00 	Muhammad Wilkerson||DT||NYJ
wrigk.00 	K.J. Wright||LB||SEA
herzma00 	Mark Herzlich||LB||NYG
hydeke01 	Kerry Hyder||DT||DET
chanka99 	Kam Chancellor||DB||SEA
wincja00 	James Winchester||LS||KAN
wynnsh00 	Shane Wynn||WR||JAX
wedder99 	Eric Weddle||DB||RAV
draush00 	Shaun Draughn||RB||SFO
tayljo01 	Jordan Taylor||WR||DEN
farrke02 	Kenneth Farrow||RB||SDG
seymke00 	Kevon Seymour||CB||BUF
kelctr00 	Travis Kelce||TE||KAN
westle00 	Leonard Wester||T||TAM
mauare99 	Rey Maualuga||LB||CIN
vaccke00 	Kenny Vaccaro||FS||NOR
thunjo00 	Joe Thuney||OG||NWE
rollqu00 	Quinten Rollins||CB||GNB
tregbr00 	Bryce Treggs||WR||PHI
philda00 	Dashaun Phillips||CB||WAS
philda01 	Darius Philon||DT||SDG
jenkma99 	Malcolm Jenkins||DB||PHI
wortje00 	Jerel Worthy||DT||BUF
clinha00 	Ha Ha Clinton-Dix||FS||GNB
laneje00 	Jeremy Lane||CB||SEA
floyle00 	Leonard Floyd||OLB||CHI
lineza01 	Zach Line||FB||MIN
lyncpa00 	Paxton Lynch||QB||DEN
olsegr00 	Greg Olsen||TE||CAR
grimxa00 	Xavier Grimble||TE||PIT
johnke04 	Kevin Johnson||CB||HTX
washto00 	Tony Washington||WR||JAX
mebabr99 	Brandon Mebane||DT||SDG
rhodxa00 	Xavier Rhodes||CB||MIN
beyebr00 	Brennen Beyer||LB||RAV
wallmi00 	Mike Wallace||WR||RAV
leexda00 	Darron Lee||OLB||NYJ
ervity00 	Tyler Ervin||RB||HTX
smitke03 	Keith Smith||LB||DAL
cyprjo00 	Jonathan Cyprien||SS||JAX
moorma01 	Matt Moore||QB||MIA
fiedc.00 	C.J. Fiedorowicz||TE||HTX
jackdq20 	D'Qwell Jackson||LB||CLT
huffma00 	Marqueston Huff||FS||RAV
bradsa00 	Sam Bradford||QB||MIN
veresh00 	Shane Vereen||RB||NYG
jonede01 	Deion Jones||OLB||ATL
goodc.00 	C.J. Goodwin||WR||ATL
warede99 	DeMarcus Ware||LB||DEN
skribu00 	Buster Skrine||DB||NYJ
jeanri99 	Ricky Jean-Francois||DT||WAS
peakch00 	Charone Peake||WR||NYJ
landch00 	Chris Landrum||LB||SDG
easldo00 	Dominique Easley||DT||RAM
willde04 	DeShawn Williams||DT||CIN
cowsja00 	James Cowser||LB||RAI
montty01 	Ty Montgomery||WR||GNB
rawlth00 	Thomas Rawls||RB||SEA
reedtr00 	Trovon Reed||CB||SDG
mcclte00 	Terrell McClain||DL||DAL
forsju00 	Justin Forsett||RB||RAV,DET,DEN
willde02 	DeAngelo Williams||RB||PIT
fullke00 	Kendall Fuller||CB||WAS
thomea99 	Earl Thomas||DB||SEA
goldma00 	Markus Golden||OLB||CRD
moorst00 	Sterling Moore||CB||NOR
spaima00 	Martrell Spaight||OLB||WAS
webbla99 	Lardarius Webb||DB||RAV
timmla99 	Lawrence Timmons||LB||PIT
thomju01 	Juwan Thompson||RB||DEN
mcmabr01 	Brandon McManus||K||DEN
huffjo00 	Josh Huff||WR||TAM,PHI
mccoja99 	Jason McCourty||DB||OTI
kindde00 	Derrick Kindred||SS||CLE
cassma00 	Matt Cassel||QB||OTI
newmte20 	Terence Newman||DB||MIN
dumeel20 	Elvis Dumervil||DE||RAV
edebka00 	Kasim Edebali||OLB||NOR
nugenmik01 	Mike Nugent||K||CIN
claych00 	Charles Clay||TE||BUF
simsch00 	Charles Sims||RB||TAM
lemoco00 	Corey Lemonier||OLB||NYJ,CLE
bradca01 	Carl Bradford||OLB||GNB,SFO
stanju00 	Julian Stanford||LB||NYJ
stilde00 	Devon Still||DT||HTX
jonema02 	Marvin Jones||WR||DET
jonema04 	Matt Jones||RB||WAS
kellro00 	Robert Kelley||RB||WAS
robigr01 	Greg Robinson||OT||RAM
clayad00 	Adrian Clayborn||DL||ATL
douzle00 	Leger Douzable||DT||BUF
ivorch00 	Chris Ivory||RB||JAX
breedr00 	Drew Brees||QB||NOR
whalgr00 	Griff Whalen||WR||SDG
prosja00 	Jay Prosch||FB||HTX
turbro00 	Robert Turbin||RB||CLT
mcnajo00 	Josh McNary||LB||CLT
russry00 	Ryan Russell||DE||TAM
wardch00 	Channing Ward||DE||TAM
wallaa00 	Aaron Wallace||OLB||OTI
lyncca00 	Cameron Lynch||LB||TAM
hoopau00 	Austin Hooper||TE||ATL
clowja00 	Jadeveon Clowney||DE||HTX
smitge00 	Geno Smith||QB||NYJ
addibr01 	Bralon Addison||RB||CHI
suttwi00 	Will Sutton||DT||CHI
michch00 	Christine Michael||RB||GNB,SEA
orchna00 	Nate Orchard||OLB||CLE
clarwi00 	Will Clarke||DE||CIN
daviry00 	Ryan Davis||DE||DAL
starja00 	James Starks||RB||GNB
hullmi02 	Mike Hull||LB||MIA
philjo00 	John Phillips||TE||NOR,DEN
diggqu00 	Quandre Diggs||CB||DET
keenca00 	Case Keenum||QB||RAM
readd.00 	D.J. Reader||DT||HTX
dupral00 	Bud Dupree||DE||PIT
burlma00 	Marcus Burley||CB||CLE
mitcma01 	Malcolm Mitchell||WR||NWE
stewjo00 	Jonathan Stewart||RB||CAR
stupna01 	Nathan Stupar||OLB||NOR
reyeke00 	Kendall Reyes||DT||WAS,KAN
ninkro20 	Rob Ninkovich||DE||NWE
robikh00 	Khiry Robinson||RB||NYJ
ellirh00 	Rhett Ellison||FB||MIN
grimjo01 	Jonathan Grimes||RB||HTX
dennda00 	Darqueze Dennard||CB||CIN
lowedw99 	Dwight Lowery||DB||SDG
edwala00 	Lavar Edwards||DE||CLT,CAR
edwala01 	Lac Edwards||P||NYJ
burnar00 	Artie Burns||CB||PIT
shelde00 	Derrick Shelby||DE||ATL
palete00 	Tenny Palepoi||DT||SDG
kaepco00 	Colin Kaepernick||QB||SFO
hillje01 	Jeremy Hill||RB||CIN
