copebr00 	Brandon Copeland||LB||DET
okafal00 	Alex Okafor||DE||ARI
norwjo00 	Jordan Norwood||WR||BUF,DEN
ackeke00 	Kenneth Acker||CB||SFO
meribr99 	Brandon Meriweather||DB||NYG
ridlst00 	Stevan Ridley||RB||NYJ
huntda01 	Danielle Hunter||DE||MIN
andran00 	Antonio Andrews||RB||TEN
sheran00 	Anthony Sherman||RB||KAN
whitco01 	Corey White||SS||DAL,ARI
caredo00 	Don Carey||DB||DET
wattj.00 	J.J. Watt||DE||HOU
mattcl99 	Clay Matthews||LB||GNB
rossra00 	Rashad Ross||WR||WAS
mattjo00 	Jordan Matthews||WR||PHI
fullco00 	Corey Fuller||WR||DET
bowest20 	Stephen Bowen||DE||NYJ
sankbi00 	Bishop Sankey||RB||TEN
ryanja00 	Jake Ryan||OLB||GNB
lammke00 	Kendall Lamm||T||HOU
jeffal00 	Alshon Jeffery||WR||CHI
clemch97 	Chris Clemons||DB||ARI
andede00 	Derek Anderson||QB||CAR
stacza00 	Zac Stacy||RB||NYJ
graht.00 	T.J. Graham||WR||NOR
greela00 	Ladarius Green||TE||SDG
willca99 	Cary Williams||DB||SEA
walkca00 	Casey Walker||DT||DAL
kender00 	Eric Kendricks||ILB||MIN
paeast00 	Stephen Paea||DT||WAS
hillro00 	Ronnie Hillman||RB||DEN
bostjo00 	Jonathan Bostic||LB||NWE
cushbr99 	Brian Cushing||LB||HOU
edwabe00 	Ben Edwards||WR||NYG
wilsal02 	Albert Wilson||WR||KAN
mcdode02 	Dexter McDonald||CB||OAK
brownjos01 	Josh Brown||K||NYG
lawrde00 	Demarcus Lawrence||DE||DAL
slatma00 	Matt Slater||WR||NWE
bersbr00 	Brenton Bersin||WR||CAR
gordme00 	Melvin Gordon||RB||SDG
carrno00 	Nolan Carroll||DB||PHI
coopri00 	Riley Cooper||WR||PHI
gerhto00 	Toby Gerhart||RB||JAX
joneby00 	Byron Jones||CB||DAL
massbo00 	Bobby Massie||T||ARI
vernol00 	Olivier Vernon||DE||MIA
tuckju00 	Justin Tucker||K||BAL
longky00 	Kyle Long||OT||CHI
riggco00 	Cody Riggs||CB||TEN
silise00 	Sealver Siliga||DT||NWE
strero00 	Rod Streater||WR||OAK
jackvi00 	Vincent Jackson||WR||TAM
trevda00 	Danny Trevathan||OLB||DEN
dunbqu00 	Quinton Dunbar||WR||WAS
willte01 	Terrance Williams||WR||DAL
succry44 	Ryan Succop||K||TEN
fellda00 	Daniel Fells||TE||NYG
fellda01 	Darren Fells||TE||ARI
drumku01 	Kurtis Drummond||S||HOU
tiptzu01 	Zurlon Tipton||RB||IND
hewine00 	Neville Hewitt||LB||MIA
nortbr00 	Brad Nortman||P||CAR
browpr00 	Preston Brown||ILB||BUF
harrch01 	Chris Harris||CB||DEN
aikeka00 	Kamar Aiken||WR||BAL
branal99 	Alan Branch||DT||NWE
ganogr44 	Graham Gano||P||CAR
porttr99 	Tracy Porter||DB||CHI
fordde00 	Dee Ford||DE||KAN
sneawi00 	Willie Snead||WR||NOR
robean00 	Andre Roberts||WR||WAS
kelcja00 	Jason Kelce||OL||PHI
casijo99 	Jonathan Casillas||LB||NYG
amenda00 	Danny Amendola||WR||NWE
thomjo25 	Josh Thomas||DE||IND
breeba00 	Bashaud Breeland||CB||WAS
reedbr00 	Brooks Reed||DL||ATL
thomjo28 	Joe Thomas||T||CLE
rainbo00 	Bobby Rainey||RB||TAM
tukuwi00 	Will Tukuafu||DT||SEA
nikltr00 	Troy Niklas||TE||ARI
housla99 	Lamarr Houston||DT||CHI
barrma00 	Mark Barron||SS||STL
chansc00 	Scott Chandler||TE||NWE
stepsh00 	Shamar Stephen||DT||MIN
bradal00 	Allen Bradford||RB||ATL
joneja05 	Jarvis Jones||OLB||PIT
joneja04 	James Jones||WR||GNB
flowbr99 	Brandon Flowers||DB||SDG
soreda01 	Daniel Sorensen||S||KAN
jenkcu20 	Cullen Jenkins||DT||NYG
ealyko00 	Kony Ealy||DE||CAR
campib00 	Ibraheim Campbell||SS||CLE
jackde00 	DeSean Jackson||WR||WAS
murpty00 	Tyler Murphy||WR||PIT
wrigga00 	Gabe Wright||DT||DET
johnde25 	Derrick Johnson||LB||KAN
willni02 	Nick Williams||WR||ATL
berrjo00 	Jordan Berry||P||PIT
willlu00 	Luke Willson||TE||SEA
peerce00 	Cedric Peerman||RB||CIN
boydjo00 	Josh Boyd||DT||GNB
ellibr00 	Bruce Ellington||WR||SFO
timujo00 	John Timu||ILB||CHI
pratma20 	Matt Prater||K||DET
dorsgl99 	Glenn Dorsey||DT||SFO
branty99 	Tyvon Branch||DB||KAN
staljo20 	Joe Staley||T||SFO
perrde00 	Denzel Perryman||ILB||SDG
rodgri00 	Richard Rodgers||TE||GNB
vannky00 	Kyle Van Noy||OLB||DET
wilsjo99 	Josh Wilson||DB||DET
ihendu00 	Duke Ihenacho||S||WAS
parkro01 	Ron Parker||CB||KAN
watsbe00 	Ben Watson||TE||NOR
lewich01 	Chris Lewis-Harris||CB||CIN
cookbr00 	Brandin Cooks||WR||NOR
aluaty99 	Tyson Alualu||DT||JAX
mckibe00 	Benardrick McKinney||ILB||HOU
parkbr00 	Brian Parker||TE||HOU,KAN
holman00 	Andre Holmes||WR||OAK
jenngr00 	Greg Jennings||WR||MIA
perrni00 	Nick Perry||DE||GNB
martza00 	Zack Martin||OT||DAL
penndo20 	Donald Penn||T||OAK
halita20 	Tamba Hali||DE||KAN
rossje01 	Jeremy Ross||WR||BAL,OAK
jonedo21 	Donnie Jones||P||PHI
camejo00 	Jordan Cameron||TE||MIA
tolegr99 	Greg Toler||DB||IND
browma00 	Marlon Brown||WR||BAL
browma01 	Malcom Brown||DT||NWE
browma03 	Malcolm Brown||RB||STL
keoxsh00 	Shiloh Keo||DB||DEN
hoslja00 	Jayron Hosley||CB||NYG
hawkan00 	Andrew Hawkins||WR||CLE
butlma01 	Malcolm Butler||CB||NWE
butlma00 	Mario Butler||CB||BUF
catami00 	Mike Catapano||DE||NYJ
peadis00 	Isaiah Pead||RB||STL
dicked00 	Ed Dickson||TE||CAR
vernal99 	Alterraun Verner||DB||TAM
beckod00 	Odell Beckham||WR||NYG
contch00 	Chris Conte||DB||TAM
nunera00 	Rakeem Nunez-Roches||DT||KAN
dougha00 	Harry Douglas||WR||TEN
smitza00 	Za'Darius Smith||DE||BAL
dempqu99 	Quintin Demps||DB||HOU
trawbr00 	Brynden Trawick||S||BAL
janikseb01 	Sebastian Janikowski||K||OAK
campca99 	Calais Campbell||DE||ARI
mathry00 	Ryan Mathews||RB||PHI
ingrme00 	Melvin Ingram||DE||SDG
evanmi00 	Mike Evans||WR||TAM
hadejo99 	Joe Haden||DB||CLE
terrst00 	Steven Terrell||DB||SEA
kerrza00 	Zach Kerr||NT||IND
jackfr02 	Fred Jackson||RB||SEA
hopkde00 	DeAndre Hopkins||WR||HOU
hawljo20 	Joe Hawley||G||TAM
mccolu00 	Luke McCown||QB||NOR
clevas00 	Asante Cleveland||TE||NWE
richbo00 	Bobby Richardson||DT||NOR
adammi21 	Mike Adams||DB||IND
dobbde00 	Demarcus Dobbs||DE||SEA
harrsh00 	Shelby Harris||DE||OAK
hagera00 	Ra'Shede Hageman||DT||ATL
pattco00 	Cordarrelle Patterson||WR||MIN
hekkjo00 	Johnny Hekker||P||STL
wilsky99 	Kyle Wilson||DB||NOR
aghone00 	Nelson Agholor||WR||PHI
smitle00 	Lee Smith||TE||OAK
bohato00 	Tommy Bohanon||FB||NYJ
trusja99 	Jason Trusnik||DE||MIN
finnco20 	Cortland Finnegan||DB||CAR
delary00 	Ryan Delaire||DE||CAR
bratca00 	Cameron Brate||TE||TAM
trufde00 	Desmond Trufant||CB||ATL
smitji03 	Jimmy Smith||CB||BAL
moorra00 	Rahim Moore||FS||HOU
coplqu00 	Quinton Coples||DE||NYJ,MIA
shorka00 	Kawann Short||DT||CAR
cadetr00 	Travaris Cadet||RB||NWE,NOR,SFO
celebr00 	Brent Celek||TE||PHI
hardgr99 	Greg Hardy||DE||DAL
connka99 	Kavell Conner||LB||SDG
hopkdu00 	Dustin Hopkins||K||WAS
josejo20 	Johnathan Joseph||DB||HOU
avanja00 	Jason Avant||WR||KAN
poyejo00 	Jordan Poyer||CB||CLE
browse00 	Sergio Brown||DB||JAX
uzomc.00 	C.J. Uzomah||TE||CIN
smitto02 	Torrey Smith||WR||SFO
gilmst00 	Stephon Gilmore||CB||BUF
rodgja00 	Jacquizz Rodgers||RB||CHI
robipa99 	Patrick Robinson||DB||SDG
havero00 	Rob Havenstein||OT||STL
arriky00 	Kyle Arrington||DB||BAL
charst00 	Stefan Charles||DT||BUF
mcdocl99 	Clinton McDonald||DT||TAM
gabbbl00 	Blaine Gabbert||QB||SFO
jonet.00 	T.J. Jones||WR||DET
mcmash99 	Sherrick McManis||DB||CHI
guyxla00 	Lawrence Guy||DT||BAL
funcde00 	Devin Funchess||WR||CAR
spilc.00 	C.J. Spiller||RB||NOR
spaema00 	Matt Spaeth||TE||PIT
banjch00 	Chris Banjo||S||GNB
wrigma99 	Major Wright||DB||TAM
mccole01 	LeSean McCoy||RB||BUF
sancma00 	Mark Sanchez||QB||PHI
loftcu99 	Curtis Lofton||LB||OAK
browta99 	Tarell Brown||DB||NWE
greevi00 	Virgil Green||unkown||DEN
ervica00 	Cameron Erving||OT||CLE
willtr03 	Trey Williams||RB||IND
mayoje99 	Jerod Mayo||LB||NWE
danima00 	Matt Daniels||DB||SDG
moorda01 	Damontre Moore||DE||MIA,NYG
lindry00 	Ryan Lindley||QB||IND
wallda01 	Darren Waller||WR||BAL
wallda00 	Darrin Walls||CB||NYJ
johnst02 	Steven Johnson||LB||TEN
johnst00 	Steve Johnson||WR||SDG
rudoky00 	Kyle Rudolph||TE||MIN
schwmi00 	Mitchell Schwartz||T||CLE
parnje00 	Jermey Parnell||T||JAX
robitr02 	Trent Robinson||S||WAS
barnti01 	Tim Barnes||C||STL
fasaan00 	Anthony Fasano||TE||TEN
humpad00 	Adam Humphries||WR||TAM
harral00 	Alonzo Harris||RB||GNB
devimi99 	Mike DeVito||DE||KAN
golded00 	Eddie Goldman||DT||CHI
lawsma20 	Manny Lawson||DE||BUF
mclest00 	Steve McLendon||DT||PIT
hughjo00 	John Hughes||DT||CLE
browjo02 	John Brown||WR||ARI
jamech00 	Charles James||CB||HOU
heluro00 	Roy Helu||RB||OAK
davito01 	Todd Davis||LB||DEN
barrsa00 	Sam Barrington||ILB||GNB
lannsp00 	Spencer Lanning||P||CHI
butlda99 	Darius Butler||DB||IND
washna00 	Nate Washington||WR||HOU
breedr00 	Drew Brees||QB||NOR
colede00 	Derrick Coleman||RB||SEA
colede01 	Deandre Coleman||DT||MIA
bennmi99 	Michael Bennett||DE||SEA
johnto01 	Tom Johnson||DT||MIN
michch00 	Christine Michael||RB||DAL,SEA
mullma00 	Matthew Mulligan||TE||BUF
tillch20 	Charles Tillman||DB||CAR
haynja00 	Jarryd Hayne||RB||SFO
balllo00 	Lonnie Ballentine||FS||HOU
brinky00 	Kyle Brindza||K||TAM
hoommi00 	Michael Hoomanawanui||TE||NWE,NOR
wagnbo00 	Bobby Wagner||ILB||SEA
fielbr20 	Brandon Fields||P||NOR
browko00 	Kourtnei Brown||DE||TAM,HOU,JAX
harrda03 	Damon Harrison||DT||NYJ
martke01 	Keshawn Martin||WR||NWE
fergeg00 	Ego Ferguson||DT||CHI
kerrry00 	Ryan Kerrigan||DE||WAS
anthst00 	Stephone Anthony||ILB||NOR
walktr00 	Tray Walker||CB||BAL
mcdode00 	Dexter McDougle||CB||NYJ
danska20 	Karlos Dansby||LB||CLE
fuaxal00 	Alani Fua||OLB||ARI
ryanma00 	Matt Ryan||QB||ATL
reynla00 	LaRoy Reynolds||LB||CHI,JAX
mcmabr01 	Brandon McManus||K||DEN
tuckju20 	Justin Tuck||DE||OAK
edelju00 	Julian Edelman||WR||NWE
jackst00 	Steven Jackson||RB||NWE
newtca00 	Cam Newton||QB||CAR
gainch00 	Charles Gaines||CB||CLE
abbrja00 	Jared Abbrederis||WR||GNB
richsh00 	Sheldon Richardson||DT||NYJ
granco00 	Corey Grant||RB||JAX
moncdo00 	Donte Moncrief||WR||IND
wernbj00 	Bjoern Werner||DE||IND
eifety00 	Tyler Eifert||TE||CIN
grifry00 	Ryan Griffin||TE||HOU
campmi02 	Michael Campanaro||WR||BAL
tripjo00 	Jordan Tripp||OLB||JAX
enemik00 	IK Enemkpali||DE||BUF
hodgge00 	Gerald Hodges||OLB||SFO,MIN
pruimy00 	MyCole Pruitt||TE||MIN
byrdja99 	Jairus Byrd||DB||NOR
dunlca99 	Carlos Dunlap||DE||CIN
ajayja00 	Jay Ajayi||RB||MIA
harrja23 	James Harrison||LB||PIT
boylni00 	Nick Boyle||TE||BAL
jamela00 	LaMichael James||RB||MIA
jarrgr00 	Grady Jarrett||DT||ATL
grayma00 	MarQueis Gray||TE||BUF
wattbr00 	Brandon Watts||OLB||MIN
carrbr99 	Brandon Carr||DB||DAL
woodci00 	Cierre Wood||RB||BUF
nassry00 	Ryan Nassib||QB||NYG
polkch00 	Chris Polk||RB||HOU
drayji00 	Jim Dray||TE||CLE
alleja22 	Jared Allen||DE||CHI,CAR
johndu00 	Duke Johnson||RB||CLE
kilgda01 	Darius Kilgo||DT||DEN
sweadj00 	D.J. Swearinger||FS||TAM,ARI
chican00 	Anthony Chickillo||DE||PIT
thomj.02 	J.T. Thomas||LB||NYG
ellian00 	Andre Ellington||RB||ARI
sherma20 	Marcus Sherels||DB||MIN
wooder20 	Eric Wood||C||BUF
berngi00 	Giovani Bernard||RB||CIN
cudjje00 	Jermelle Cudjo||DT||DET
tullst20 	Stephen Tulloch||LB||DET
cunnje00 	Jerome Cunningham||TE||NYG
taliaq99 	Aqib Talib||DB||DEN
browan04 	Antonio Brown||WR||PIT
thorkh00 	Khyri Thornton||DT||DET
hughje99 	Jerry Hughes||DE||BUF
tavaj.00 	J.R. Tavai||OLB||TEN
simojo01 	John Simon||DE||HOU
thomjo04 	Joe Thomas||LB||GNB
thomjo01 	Josh Thomas||DB||IND,DAL
humbra00 	Ramon Humber||LB||NOR
leexma00 	Marqise Lee||WR||JAX
riddth00 	Theo Riddick||RB||DET
conlch00 	Chris Conley||WR||KAN
whitro00 	Roddy White||WR||ATL
brocmi00 	Michael Brockers||DT||STL
kerlje00 	Jeremy Kerley||WR||NYJ
smitan22 	Antonio Smith||DE||DEN
roweer00 	Eric Rowe||CB||PHI
klugka00 	Karl Klug||DL||TEN
doylja00 	Jack Doyle||TE||IND
tyexwi00 	Will Tye||TE||NYG
crocjo00 	John Crockett||RB||GNB
guntro00 	Rodney Gunter||DT||ARI
lamuem00 	Emmanuel Lamur||LB||CIN
stevcr00 	Craig Stevens||TE||TEN
norwke00 	Kevin Norwood||WR||CAR
worrpa00 	Paul Worrilow||LB||ATL
bateda00 	Daren Bates||LB||STL
joneco01 	Colin Jones||DB||CAR
mckije00 	Jerick McKinnon||RB||MIN
turzan00 	Andrew Turzilli||WR||TEN
luckan00 	Andrew Luck||QB||IND
pryoca00 	Calvin Pryor||FS||NYJ
thomke02 	Kenbrell Thompkins||WR||NYJ
nelsjj00 	JJ Nelson||WR||ARI
duraju99 	Justin Durant||LB||ATL
simseu99 	Eugene Sims||LB||STL
helfco00 	Cooper Helfet||TE||SEA
weemer00 	Eric Weems||WR||ATL
browvi00 	Vincent Brown||unkown||SDG
smitde04 	Devin Smith||WR||NYJ
huntju00 	Justin Hunter||WR||TEN
palmna01 	Nate Palmer||LB||GNB
burtmi00 	Michael Burton||FB||DET
millbr02 	Bruce Miller||FB||SFO
nelsre99 	Reggie Nelson||DB||CIN
dzubni00 	Nick Dzubnar||LB||SDG
hiltt.00 	T.Y. Hilton||WR||IND
feltje00 	Jerome Felton||RB||BUF
coleco20 	Colin Cole||DT||CAR
waresp00 	Spencer Ware||RB||KAN
wilsma02 	Marquess Wilson||WR||CHI
huntph00 	Phillip Hunt||LB||DET
kellde00 	Dennis Kelly||OT||PHI
simpje00 	Jerome Simpson||WR||SFO
squada00 	Damion Square||DE||SDG
stilke00 	Kenny Stills||WR||MIA
beasco00 	Cole Beasley||WR||DAL
andec.00 	C.J. Anderson||RB||DEN
ihedja00 	James Ihedigbo||DB||DET
clemch23 	Chris Clemons||LB||JAX
millhe00 	Heath Miller||TE||PIT
browdo00 	Donald Brown||RB||SDG
jackty98 	Tyson Jackson||DE||ATL
sherri00 	Richard Sherman||DB||SEA
cunnbe01 	Benny Cunningham||RB||STL
brambr00 	Bryan Braman||LB||PHI
dahlcr99 	Craig Dahl||DB||NYG
addima00 	Mario Addison||DE||CAR
allery01 	Ryan Allen||P||NWE
swaige00 	Geoff Swaim||TE||DAL
owusch00 	Chris Owusu||WR||NYJ
hausst00 	Steven Hauschka||K||SEA
rambba00 	Bacarri Rambo||FS||BUF
jenkja01 	Jarvis Jenkins||DL||CHI
jenkja03 	Janoris Jenkins||CB||STL
carrco00 	Tank Carradine||DE||SFO
stafda00 	Daimion Stafford||FS||TEN
vargty00 	Tyler Varga||RB||IND
gillmi00 	Mike Gillislee||RB||BUF
jackka99 	Kareem Jackson||DB||HOU
wrigsh00 	Shareece Wright||DB||BAL
mccoge99 	Gerald McCoy||DT||TAM
rilepe00 	Perry Riley||LB||WAS
thigma00 	Marcus Thigpen||WR||OAK,BUF
browja00 	Jalil Brown||DB||IND
nickha01 	Hakeem Nicks||WR||NYG
browda04 	Daniel Brown||WR||BAL
aikewa00 	Walt Aikens||CB||MIA
morral00 	Alfred Morris||RB||WAS
melthe99 	Henry Melton||DE||TAM
coxxfl00 	Fletcher Cox||DT||PHI
richjo00 	Jordan Richards||SS||NWE
thorne00 	Neiko Thorpe||DB||OAK
woodch00 	Charles Woodson||DB||OAK
ginnte00 	Ted Ginn||WR||CAR
mcbrtr00 	Tre McBride||WR||TEN
kuhnma00 	Markus Kuhn||DT||NYG
carrry00 	Ryan Carrethers||DT||SDG
shepke00 	Kelvin Sheppard||LB||MIA
clarch21 	Chris Clark||T||HOU
mitcte00 	Terrance Mitchell||CB||DAL,CHI
mautmi00 	Michael Mauti||OLB||NOR
fortma00 	Matt Forte||RB||CHI
brooro01 	Ron Brooks||CB||BUF
kendla00 	Lance Kendricks||TE||STL
ansaez00 	Ezekiel Ansah||DE||DET
mccabo01 	Bobby McCain||CB||MIA
manzjo00 	Johnny Manziel||QB||CLE
sandem00 	Emmanuel Sanders||WR||DEN
barnta00 	Tavaris Barnes||DE||NOR
blacan00 	Angelo Blackson||DT||TEN
gragch00 	Chris Gragg||TE||BUF
hilljo01 	Jordan Hill||DT||SEA
hilljo02 	Josh Hill||TE||NOR
quicbr00 	Brian Quick||WR||STL
joneta00 	Taiwan Jones||RB||OAK
davico02 	Cody Davis||S||STL
hydemi00 	Micah Hyde||CB||GNB
whitlu00 	Lucky Whitehead||WR||DAL
iosejo00 	Joey Iosefa||FB||NWE
westet00 	Ethan Westbrooks||DE||STL
mccrda00 	Danny McCray||DB||DAL
starra20 	Randy Starks||DT||CLE
gipsta00 	Tashaun Gipson||DB||CLE
reedjo02 	Jordan Reed||TE||WAS
achosa00 	Sam Acho||OLB||CHI
rodgaa00 	Aaron Rodgers||QB||GNB
thomro04 	Robert Thomas||NT||MIA
laurja99 	James Laurinaitis||LB||STL
petead01 	Adrian Peterson||RB||MIN
magecr00 	Craig Mager||CB||SDG
lippto00 	Tony Lippett||WR||MIA
dunbjo20 	Jo-Lonn Dunbar||LB||NOR
autrde00 	Denico Autry||DE||OAK
shelda01 	Danny Shelton||DT||CLE
darkor00 	Orleans Darkwa||RB||NYG
mounde00 	Deiontrez Mount||OLB||TEN
edwama01 	Mario Edwards||DE||OAK
jameje00 	Jesse James||TE||PIT
krugpa99 	Paul Kruger||DE||CLE
willsh02 	Shawn Williams||SS||CIN
gronro00 	Rob Gronkowski||TE||NWE
lemoor00 	Orie Lemon||LB||TAM
stined00 	Ed Stinson||DE||ARI
milero00 	Rontez Miles||FS||NYJ
krofty00 	Tyler Kroft||TE||CIN
pierja99 	Jason Pierre-Paul||DE||NYG
fostma00 	Mason Foster||LB||WAS
carpda44 	Dan Carpenter||K||BUF
blanro00 	Robert Blanton||CB||MIN
hickjo00 	Jordan Hicks||OLB||PHI
decker00 	Eric Decker||WR||NYJ
danimi00 	Mike Daniels||DT||GNB
knigte99 	Terrance Knighton||DT||WAS
okinea00 	Earl Okine||DE||IND
couski00 	Kirk Cousins||QB||WAS
juszky00 	Kyle Juszczyk||FB||BAL
crowja00 	Jamison Crowder||WR||WAS
asanla99 	Larry Asante||DB||OAK
harran01 	Anthony Harris||DB||MIN
johnch98 	Charles Johnson||DE||CAR
moatar00 	Arthur Moats||LB||PIT
austmi00 	Miles Austin||WR||PHI
kearje01 	Jermaine Kearse||WR||SEA
amukpr00 	Prince Amukamara||CB||NYG
davila00 	Lavonte David||OLB||TAM
bassda00 	David Bass||DE||TEN
bloule00 	LeGarrette Blount||RB||NWE
johnla01 	Lane Johnson||OT||PHI
dawspa00 	Paul Dawson||OLB||CIN
ungaua00 	Uani Unga||LB||NYG
gorefr00 	Frank Gore||RB||IND
coletr20 	Trent Cole||DE||IND
ryanlo00 	Logan Ryan||CB||NWE
hassma00 	Matt Hasselbeck||QB||IND
pierbe00 	Bernard Pierce||RB||JAX
smitte01 	Telvin Smith||ILB||JAX
hursde00 	Demontre Hurst||CB||CHI
nelsco00 	Corey Nelson||OLB||DEN
misiko99 	Koa Misi||LB||MIA
whitja02 	James White||RB||NWE
ellija02 	Jayrone Elliott||LB||GNB
thompe00 	Peyton Thompson||CB||JAX
watkja01 	Jaylen Watkins||CB||PHI
flemja00 	Jamell Fleming||CB||KAN
golske20 	Kedric Golston||DT||WAS
joneho01 	Howard Jones||LB||TAM
alleri00 	Ricardo Allen||CB||ATL
cartbr00 	Bruce Carter||LB||TAM
spense00 	Sean Spence||LB||PIT
taylst00 	Stepfan Taylor||RB||ARI
moorsi00 	Sio Moore||OLB||IND
coopma00 	Marcus Cooper||CB||KAN
wisnst01 	Stefen Wisniewski||OL||JAX
nealmi99 	Mike Neal||LB||GNB
cockro00 	Ross Cockrell||CB||PIT
hernja00 	Javontee Herndon||WR||SDG
robide00 	Denard Robinson||WR||JAX
greedo00 	Dorial Green-Beckham||WR||TEN
jacobe00 	Ben Jacobs||LB||CAR
grahji00 	Jimmy Graham||TE||SEA
orrxle00 	Leon Orr||DT||OAK
alleja01 	Javorius Allen||RB||BAL
flower00 	Ereck Flowers||OT||NYG
burttr01 	Trey Burton||TE||PHI
tatebr00 	Brandon Tate||WR||CIN
balddo00 	Doug Baldwin||WR||SEA
millvo00 	Von Miller||LB||DEN
colqdu20 	Dustin Colquitt||P||KAN
sefeau00 	Austin Seferian-Jenkins||TE||TAM
peatan00 	Andrus Peat||OT||NOR
tolbmi00 	Mike Tolbert||RB||CAR
allewi21 	Will Allen||DB||PIT
magete00 	Terrence Magee||RB||BAL
quaran00 	Andrew Quarless||TE||GNB
crawty00 	Tyrone Crawford||DE||DAL
mccuda00 	Daniel McCullers||DT||PIT
wilsra00 	Ramik Wilson||ILB||KAN
bethju00 	Justin Bethel||CB||ARI
irvina00 	Nate Irving||LB||IND
greera00 	Rashad Greene||WR||JAX
murrde00 	DeMarco Murray||RB||PHI
hurnal01 	Allen Hurns||WR||JAX
orrxza00 	Zach Orr||LB||BAL
hewiry00 	Ryan Hewitt||FB||CIN
harkco00 	Cory Harkey||TE||STL
ryande20 	DeMeco Ryans||LB||PHI
moorla00 	Lance Moore||WR||DET
robybr00 	Bradley Roby||CB||DEN
herrda00 	Dan Herron||RB||IND,BUF
smitan01 	Antone Smith||RB||CHI
alonki00 	Kiko Alonso||ILB||PHI
boldan00 	Anquan Boldin||WR||SFO
wilhmi00 	Michael Wilhoite||LB||SFO
smitro06 	Rod Smith||RB||DAL,SEA
barran00 	Anthony Barr||OLB||MIN
dobsaa00 	Aaron Dobson||WR||NWE
huntak01 	Akeem Hunt||RB||HOU
fullky00 	Kyle Fuller||CB||CHI
alleco00 	Cortez Allen||DB||PIT
tartja00 	Jaquiski Tartt||SS||SFO
lockty00 	Tyler Lockett||WR||SEA
mcclal00 	Albert McClellan||DE||BAL
joseli99 	Linval Joseph||DT||MIN
scobejos01 	Josh Scobee||K||PIT
fishja00 	Jake Fisher||OT||CIN
fitzry00 	Ryan Fitzpatrick||QB||NYJ
walkva99 	Vance Walker||DT||DEN
atkige99 	Geno Atkins||DT||CIN
morsth00 	Thomas Morstead||P||NOR
johnru02 	Rufus Johnson||DE||NWE
tannry00 	Ryan Tannehill||QB||MIA
davith20 	Thomas Davis||LB||CAR
willke98 	Kevin Williams||DT||NOR
ilokge00 	George Iloka||FS||CIN
heenbe00 	Ben Heeney||ILB||OAK
carrde00 	Derek Carrier||WR||WAS
carrde02 	Derek Carr||QB||OAK
bryanmat01 	Matt Bryant||K||ATL
zennza00 	Zach Zenner||RB||DET
irvibr00 	Bruce Irvin||DE||SEA
colsma00 	Marques Colston||WR||NOR
boweda00 	Da'Quan Bowers||DE||TAM
joneda04 	DaQuan Jones||DT||TEN
joneda03 	Datone Jones||DE||GNB
hankjo00 	Johnathan Hankins||DT||NYG
blacwi20 	Will Blackmon||DB||WAS
mcclro98 	Robert McClain||DB||CAR
hortwe00 	Wes Horton||DE||CAR
shazry00 	Ryan Shazier||OLB||PIT
rollan20 	Antrel Rolle||DB||CHI
martmi01 	Mike Martin||DT||TEN
ruckfr99 	Frostee Rucker||DE||ARI
bradah00 	Ahmad Bradshaw||RB||IND
boldbr00 	Brandon Bolden||RB||NWE
normjo01 	Josh Norman||CB||CAR
mitcmi99 	Michael Mitchell||DB||PIT
wardt.99 	T.J. Ward||DB||DEN
garcma00 	Max Garcia||C||DEN
kueclu00 	Luke Kuechly||ILB||CAR
huntma00 	Margus Hunt||DE||CIN
simspa99 	Pat Sims||DT||CIN
smitma03 	Marcus Smith||DE||PHI
smitma02 	Malcolm Smith||OLB||OAK
jameja01 	Ja'Wuan James||OT||MIA
watksa00 	Sammy Watkins||WR||BUF
jennti20 	Tim Jennings||DB||TAM
mathro20 	Robert Mathis||DE||IND
morgmi00 	Mike Morgan||LB||SEA
hayewi99 	William Hayes||DE||STL
joneja03 	Jacoby Jones||WR||SDG,PIT
bushjo00 	Josh Bush||S||DEN
royaed00 	Eddie Royal||WR||CHI
joneha02 	Harold Jones-Quartey||DB||CHI
butlcr99 	Crezdon Butler||DB||DET,SEA
joneju02 	Julio Jones||WR||ATL
bailal00 	Allen Bailey||DL||KAN
hartbr00 	Brian Hartline||WR||CLE
barrsh00 	Shaquil Barrett||OLB||DEN
oswebr00 	Brock Osweiler||QB||DEN
shorce00 	Cecil Shorts||WR||HOU
grahbr99 	Brandon Graham||DE||PHI
lissse99 	Sean Lissemore||DE||SDG
burfvo00 	Vontaze Burfict||LB||CIN
morrda01 	Darryl Morris||CB||HOU
yatet.00 	T.J. Yates||QB||HOU
fedete00 	Terrence Fede||DE||MIA
brooah21 	Ahmad Brooks||LB||SFO
walsbl00 	Blair Walsh||K||MIN
charja00 	Jamaal Charles||RB||KAN
landja00 	Jarvis Landry||WR||MIA
kleiaj00 	A.J. Klein||ILB||CAR
grimbr20 	Brent Grimes||DB||MIA
westch01 	Charcandrick West||RB||KAN
cotcje00 	Jerricho Cotchery||WR||CAR
ryanjo21 	Jon Ryan||P||SEA
lockje00 	Jeff Locke||P||MIN
dixobr01 	Brian Dixon||CB||NOR
lewitr00 	Travis Lewis||OLB||DET
johnra98 	Rashad Johnson||DB||ARI
langje00 	Jeremy Langford||RB||CHI
nelsst01 	Steven Nelson||CB||KAN
pricsh00 	Sheldon Price||CB||IND
kingma00 	Marquette King||P||OAK
mccabr99 	Brice McCain||DB||MIA
willsy00 	Sylvester Williams||DT||DEN
jonech05 	Christian Jones||ILB||CHI
jonech03 	Chandler Jones||DE||NWE
jonech02 	Chris Jones||P||DAL
mcdova00 	Vance McDonald||TE||SFO
broctr00 	Tramaine Brock||DB||SFO
greea.00 	A.J. Green||WR||CIN
jenkjo00 	John Jenkins||DT||NOR
salagr00 	Greg Salas||WR||BUF
powebi00 	Bilal Powell||RB||NYJ
benwbe00 	Bene Benwikere||CB||CAR
smitst01 	Steve Smith||WR||BAL
walkty00 	Tyrunn Walker||DL||DET
willbr02 	Brandon Williams||DT||BAL
parkco03 	Cody Parkey||K||PHI
desipi00 	Pierre Desir||CB||CLE
meekjo01 	Jonathan Meeks||S||BUF
willka01 	Karlos Williams||RB||BUF
willka02 	Kasen Williams||WR||SEA
crabmi00 	Michael Crabtree||WR||OAK
joynla00 	Lamarcus Joyner||CB||STL
solipa99 	Paul Soliai||DT||ATL
stoclu00 	Luke Stocker||TE||TAM
boswch00 	Chris Boswell||K||PIT
lotust00 	Star Lotulelei||DT||CAR
exuman00 	Antone Exum||CB||MIN
gregra00 	Randy Gregory||DE||DAL
marima00 	Marc Mariani||WR||CHI
housju00 	Justin Houston||LB||KAN
mcdotj00 	T.J. McDonald||FS||STL
cobbra00 	Randall Cobb||WR||GNB
fisher00 	Eric Fisher||OT||KAN
bradni00 	Nigel Bradham||OLB||BUF
johnwi00 	Will Johnson||FB||PIT
harbcl00 	Clay Harbor||TE||JAX
franor00 	Orlando Franklin||OL||SDG
bellni01 	Nick Bellore||LB||SFO
gatean00 	Antonio Gates||TE||SDG
housda00 	Davon House||DB||JAX
thommi02 	Michael Thomas||S||MIA
joneja99 	Jason Jones||DT||DET
johnmi98 	Michael Johnson||DE||CIN
hitcan00 	Anthony Hitchens||OLB||DAL
alfoma00 	Mario Alford||WR||CIN
jeffja00 	Jackson Jeffcoat||DE||WAS
sendan00 	Andrew Sendejo||DB||MIN
coleku99 	Kurt Coleman||LB||CAR
thombr01 	Brandon Thompson||DT||CIN
gillcr00 	Crockett Gillmore||TE||BAL
mackkh00 	Khalil Mack||OLB||OAK
marach99 	Chris Maragos||DB||PHI
willni01 	Nicholas Williams||DT||KAN
davica01 	Carl Davis||DT||BAL
johnau00 	Austin Johnson||LB||NOR
langke98 	Kendall Langford||DE||IND
longma00 	Matt Longacre||DE||STL
bakech99 	Chris Baker||DT||WAS
gayxwi99 	William Gay||DB||PIT
hender99 	Erin Henderson||LB||NYJ
wrigti01 	Tim Wright||TE||DET
whitni01 	Nikita Whitlock||FB||NYG
daltan00 	Andy Dalton||QB||CIN
davive00 	Vernon Davis||TE||SFO,DEN
breade00 	Delvin Breaux||CB||NOR
fowlbe00 	Bennie Fowler||WR||DEN
willky20 	Kyle Williams||DT||BUF
currvi00 	Vinny Curry||DE||PHI
pryote00 	Terrelle Pryor||QB||CLE
walder99 	Erik Walden||DE||IND
bortbl00 	Blake Bortles||QB||JAX
armsra01 	Ray-Ray Armstrong||LB||SFO,OAK
lewima00 	Marcedes Lewis||TE||JAX
ogleal00 	Alec Ogletree||OLB||STL
johnca01 	Cam Johnson||DE||CLE
johnca00 	Calvin Johnson||WR||DET
lacyed00 	Eddie Lacy||RB||GNB
hammfr00 	Frankie Hammond||WR||KAN
kirkch00 	Christian Kirksey||OLB||CLE
searda00 	Da'Norris Searcy||DB||TEN
brinja99 	Jasper Brinkley||LB||NYG
davity01 	Tyeler Davison||DT||NOR
emanky00 	Kyle Emanuel||OLB||SDG
mccoco00 	Colt McCoy||QB||WAS
robike01 	Keenan Robinson||OLB||WAS
johndo02 	Dontae Johnson||FS||SFO
attaje00 	Jeremiah Attaochu||OLB||SDG
sanumo00 	Mohamed Sanu||WR||CIN
selvge99 	George Selvie||DE||NYG
ripkaa00 	Aaron Ripkowski||FB||GNB
kernbr20 	Brett Kern||P||TEN
reiltr00 	Trevor Reilly||OLB||NYJ
barnga01 	Gary Barnidge||TE||CLE
daniow00 	Owen Daniels||TE||DEN
hilltr01 	Troy Hill||CB||CIN
thompi00 	Pierre Thomas||RB||SFO,WAS
garoji00 	Jimmy Garoppolo||QB||NWE
flukdj00 	D.J. Fluker||OT||SDG
sanfja99 	Jamarca Sanford||DB||NOR
adjeju00 	Jude Adjei-Barimah||CB||TAM
woodro02 	Robert Woods||WR||BUF
mcafpa44 	Pat McAfee||K||IND
loveky00 	Kyle Love||DT||CAR
thomde05 	De'Anthony Thomas||RB||KAN
thomde04 	Deonte Thompson||WR||CHI
thomde03 	Demaryius Thomas||WR||DEN
grisge00 	Geneo Grissom||OLB||NWE
inmado00 	Dontrelle Inman||WR||SDG
windmi00 	Mike Windt||C||SDG
mosede00 	Dezman Moses||LB||KAN
ishmke00 	Kemal Ishmael||DB||ATL
mcgit.00 	T.Y. McGill||DT||IND
guiole99 	Letroy Guion||DT||GNB
shepru00 	Russell Shepard||WR||TAM
johntr05 	Trumaine Johnson||CB||STL
walfcl00 	Clive Walford||TE||OAK
wrigja02 	Jarius Wright||WR||MIN
soutde00 	Dezmen Southward||SS||ATL
collla00 	Landon Collins||SS||NYG
cardta00 	Tank Carder||ILB||CLE
talilo00 	Lorenzo Taliaferro||RB||BAL
fostar00 	Arian Foster||RB||HOU
chunpa99 	Patrick Chung||DB||NWE
sheaja00 	Jabaal Sheard||DL||NWE
santca01 	Cairo Santos||K||KAN
wardte00 	Terron Ward||RB||ATL
kochsa20 	Sam Koch||P||BAL
wingbr00 	Brad Wing||P||NYG
novaknic01 	Nick Novak||K||HOU
beadza20 	Zane Beadles||T||JAX
tarpa.00 	A.J. Tarpley||LB||BUF
covich00 	Christian Covington||DT||HOU
huntke00 	Kendall Hunter||RB||NOR
enunqu00 	Quincy Enunwa||WR||NYJ
sheade00 	DeShawn Shead||DB||SEA
zuergr00 	Greg Zuerlein||K||STL
webska00 	Kayvon Webster||CB||DEN
huffjo00 	Josh Huff||WR||PHI
teoxma00 	Manti Te'o||ILB||SDG
asiama00 	Matt Asiata||FB||MIN
olaxmi00 	Michael Ola||T||SDG,DET
coontr00 	Travis Coons||K||CLE
bowedw00 	Dwayne Bowe||WR||CLE
smital04 	Aldon Smith||DE||OAK
mbuxjo01 	Joey Mbu||NT||ATL
smital03 	Alex Smith||QB||KAN
johnje02 	Jeron Johnson||DB||WAS
marter02 	Eric Martin||LB||NWE
jeroto00 	Tony Jerod-Eddie||DT||SFO
gholwi00 	William Gholston||DE||TAM
marsbr01 	Brandon Marshall||OLB||DEN
marsbr00 	Brandon Marshall||WR||NYJ
gresje00 	Jermaine Gresham||TE||ARI
ballne00 	Neiron Ball||OLB||OAK
nixxro01 	Roosevelt Nix||LB||PIT
petepa00 	Patrick Peterson||CB||ARI
thomca99 	Cam Thomas||DT||PIT
darema00 	Marcell Dareus||DT||BUF
andeco01 	Colt Anderson||DB||IND
alleke00 	Keenan Allen||WR||SDG
jonepa20 	Adam Jones||DB||CIN
whitfo00 	Fozzy Whittaker||RB||CAR
moeato00 	Tony Moeaki||TE||ATL
richpa01 	Paul Richardson||WR||SEA
robecr00 	Craig Robertson||LB||CLE
schrry00 	Ryan Schraeder||T||ATL
wilsda02 	Damien Wilson||ILB||DAL
geatcl00 	Clayton Geathers||SS||IND
bryaar00 	Armonty Bryant||DE||CLE
moslc.20 	C.J. Mosley||DT||MIA
cromma01 	Marcus Cromartie||CB||SFO
bethan20 	Antoine Bethea||DB||SFO
pleaed00 	Eddie Pleasant||SS||HOU
robijo02 	Josh Robinson||RB||IND
sua-xa00 	Xavier Su'a-Filo||OG||HOU
berrer99 	Eric Berry||DB||KAN
purcmi00 	Mike Purcell||DT||SFO
vickmi00 	Michael Vick||QB||PIT
mcbrtr99 	Trumaine McBride||DB||NYG
bridte00 	Teddy Bridgewater||QB||MIN
smitda24 	Daryl Smith||LB||BAL
wilsji00 	Jimmy Wilson||DB||SDG
churba99 	Barry Church||DB||DAL
davich05 	Chris Davis||CB||SFO
renfse00 	Sean Renfree||QB||ATL
gastbr00 	Bruce Gaston||DT||GNB,CHI
bosttr00 	Tre Boston||FS||CAR
johnan02 	Andre Johnson||WR||IND
jonela02 	Landry Jones||QB||PIT
celega00 	Garrett Celek||TE||SFO
thorhu00 	Hugh Thornton||OG||IND
mallry00 	Ryan Mallett||QB||BAL,HOU
chanka99 	Kam Chancellor||DB||SEA
winnge00 	George Winn||RB||DET
stafma00 	Matthew Stafford||QB||DET
woodla99 	LaMarr Woodley||LB||ARI
barthco01 	Connor Barth||K||TAM
wilcj.00 	J.J. Wilcox||S||DAL
taylco01 	Cooper Taylor||SS||NYG
marqbr00 	Bradley Marquez||WR||STL
mathty00 	Tyrann Mathieu||CB||ARI
reider00 	Eric Reid||FS||SFO
ertzza00 	Zach Ertz||TE||PHI
ayerro99 	Robert Ayers||DE||NYG
tuitst00 	Stephon Tuitt||DT||PIT
mcclsh00 	Shea McClellin||DE||CHI
gaskke00 	Kendall Gaskins||RB||SFO
logabe00 	Bennie Logan||DT||PHI
freejo01 	Jonathan Freeny||DE||NWE
freejo00 	Josh Freeman||QB||IND
anunke00 	Kenny Anunike||DE||DEN
linsco00 	Corey Linsley||C||GNB
mincje99 	Jeremy Mincey||DE||DAL
unremi00 	Mitch Unrein||DT||CHI,SDG
walkhu00 	Delanie Walker||TE||TEN
mcglma01 	Matt McGloin||QB||OAK
everde01 	Deshazor Everett||CB||WAS
harpch01 	Chris Harper||WR||NWE
bromja00 	Jay Bromley||DT||NYG
halxan00 	Andre Hal||CB||HOU
quigry00 	Ryan Quigley||P||NYJ
petema00 	Marcus Peters||CB||KAN
evanjo00 	Josh Evans||FS||JAX
randda00 	Damarious Randall||FS||GNB
gillga01 	Garry Gilliam||T||SEA
grifev99 	Everson Griffen||DE||MIN
kendmy00 	Mychal Kendricks||ILB||PHI
bankjo00 	Johnthan Banks||CB||TAM
branan00 	Andre Branch||DE||JAX
boldom00 	Omar Bolden||CB||DEN
leonbr01 	Brian Leonhardt||TE||SFO
mccode99 	Devin McCourty||DB||NWE
leexkh00 	Khari Lee||TE||CHI
maysjo99 	Joe Mays||LB||SDG
quingl99 	Glover Quin||DB||DET
givech00 	Chris Givens||WR||STL,BAL
lawsne00 	Nevin Lawson||CB||DET
bellle00 	Le'Veon Bell||RB||PIT
willda05 	Damien Williams||RB||MIA
abduis00 	Isa Abdul-Quddus||S||DET
lewike00 	Kendrick Lewis||DB||BAL
mccrle01 	Lerentee McCray||LB||DEN
clarfr01 	Frank Clark||DE||SEA
bailst01 	Stedman Bailey||WR||STL
harrdw00 	Dwayne Harris||WR||NYG
harrje02 	Jeremy Harris||CB||WAS
willkw00 	K'Waun Williams||DB||CLE
peppju99 	Julius Peppers||DE||GNB
marsca00 	Cassius Marsh||DE||SEA
sproda00 	Darren Sproles||RB||PHI
longch99 	Chris Long||DE||STL
oleani00 	Nick O'Leary||TE||BUF
crosma20 	Mason Crosby||K||GNB
highti00 	Tim Hightower||RB||NOR
shirjo00 	Josh Shirley||DE||TAM
newtde00 	Derek Newton||OL||HOU
tatego00 	Golden Tate||WR||DET
whitdo20 	Donte Whitner||DB||CLE
muluan00 	Andy Mulumba||LB||GNB
darbro00 	Ronald Darby||CB||BUF
rogeju00 	Justin Rogers||DB||WAS
supeph00 	Phillip Supernaw||TE||TEN
philda00 	Dashaun Phillips||CB||WAS
whitch02 	Charlie Whitehurst||QB||IND,TEN
lechsh20 	Shane Lechler||P||HOU
mathri99 	Ricardo Mathews||DT||SDG
tammja00 	Jacob Tamme||TE||ATL
daviau00 	Austin Davis||QB||CLE
belljo01 	Joique Bell||RB||DET
grahasha01 	Shayne Graham||K||ATL
mathra99 	Rashean Mathis||DB||DET
willty00 	Tyrell Williams||WR||SDG
kennde00 	Devon Kennard||OLB||NYG
daviwi02 	Will Davis||CB||BAL
myerbr00 	Brandon Myers||TE||TAM
yeldt.00 	T.J. Yeldon||RB||JAX
clutty00 	Tyler Clutts||FB||DAL
patter00 	Eric Patterson||CB||IND,STL
ajirse00 	Seyi Ajirotutu||WR||PHI
schuja00 	Jake Schum||P||TAM
catach00 	Chandler Catanzaro||K||ARI
danich00 	Chase Daniel||QB||KAN
callbr00 	Bryce Callahan||CB||CHI
gratdw00 	Dwayne Gratz||CB||JAX
pitoro00 	Ropati Pitoitua||DE||TEN
riveph00 	Philip Rivers||QB||SDG
addaja00 	Jahleel Addae||S||SDG
murplo00 	Louis Murphy||WR||TAM
belljo02 	Josh Bellamy||WR||CHI
johnra01 	Randell Johnson||OLB||BUF
prosch00 	Chris Prosinski||DB||CHI
artica00 	Cameron Artis-Payne||RB||CAR
alexkw00 	Kwon Alexander||OLB||TAM
careka00 	Ka'Deem Carey||RB||CHI
dawsophi01 	Phil Dawson||K||SFO
mcclde00 	Dexter McCluster||WR||TEN
thiead00 	Adam Thielen||WR||MIN
rayxsh00 	Shane Ray||DE||DEN
howaja00 	Jaye Howard||DT||KAN
willan00 	Andre Williams||RB||NYG
urbabr00 	Brent Urban||DE||BAL
thorce00 	Cedric Thornton||DT||PHI
levian00 	Anthony Levine||S||BAL
melvra00 	Rashaan Melvin||CB||NWE,BAL
avricl99 	Cliff Avril||DE||SEA
wynnke00 	Kerry Wynn||DE||NYG
tappda20 	Darryl Tapp||DE||DET
butlbr00 	Brice Butler||WR||DAL
gilcma00 	Marcus Gilchrist||DB||NYJ
freedw00 	Dwight Freeney||DE||ARI
maurjo00 	Josh Mauro||DE||ARI
cutlja00 	Jay Cutler||QB||CHI
mcdato20 	Tony McDaniel||DT||TAM
mettza00 	Zach Mettenberger||QB||TEN
kingbr02 	Brandon King||DB||NWE
bowmna99 	NaVorro Bowman||LB||SFO
cullch00 	Chris Culliver||DB||WAS
maclje00 	Jeremy Maclin||WR||KAN
davimi01 	Mike Davis||RB||SFO
coffch00 	Chase Coffman||TE||SEA,TEN
lanejo00 	Jorvorskie Lane||FB||TAM
adamda01 	Davante Adams||WR||GNB
goodde00 	Demetri Goodson||CB||GNB
periju00 	Justin Perillo||TE||GNB
pinibr00 	Bradley Pinion||P||SFO
weedbr00 	Brandon Weeden||QB||DAL,HOU
croman20 	Antonio Cromartie||DB||NYJ
bentbi00 	Bill Bentley||CB||DET
smitch03 	Chris Smith||DE||JAX
goodna00 	Najee Goode||ILB||PHI
austta00 	Tavon Austin||WR||STL
fatit.00 	T.J. Fatinikun||DE||TAM
millro99 	Roy Miller||DT||JAX
weekjo00 	Jon Weeks||C||HOU
lawxco00 	Cordarro Law||DE||SDG
myerja00 	Jason Myers||K||JAX
tannal00 	Alex Tanney||QB||TEN
ingrma01 	Mark Ingram||RB||NOR
jernti00 	Timmy Jernigan||DT||BAL
greech99 	Chad Greenway||LB||MIN
lyncma00 	Marshawn Lynch||RB||SEA
pagaje00 	Jeoffrey Pagan||DE||HOU
mayoda00 	David Mayo||ILB||CAR
mastti99 	Tim Masthay||P||GNB
hoyebr00 	Brian Hoyer||QB||HOU
sensco00 	Coty Sensabaugh||CB||TEN
wrigke01 	Kendall Wright||WR||TEN
pennmi00 	Mike Pennel||DT||GNB
pierke00 	Kevin Pierre-Louis||OLB||SEA
pounmi00 	Mike Pouncey||OL||MIA
joneab00 	Abry Jones||DT||JAX
bryama00 	Martavis Bryant||WR||PIT
dixoan00 	Anthony Dixon||RB||BUF
andejo01 	Jonathan Anderson||LB||CHI
abduhu99 	Husain Abdullah||DB||KAN
schama00 	Matt Schaub||QB||BAL
goodma01 	Malliciah Goodman||DE||ATL
goodma00 	Marquise Goodwin||WR||BUF
standr00 	Drew Stanton||QB||ARI
romoto00 	Tony Romo||QB||DAL
mintke00 	Kevin Minter||ILB||ARI
coleau00 	Audie Cole||ILB||MIN
willle02 	Leonard Williams||DT||NYJ
lyncaa00 	Aaron Lynch||DE||SFO
garcpi00 	Pierre Garcon||WR||WAS
mccojo01 	Josh McCown||QB||CLE
bigge.99 	E.J. Biggers||DB||PHI
fairni00 	Nick Fairley||DT||STL
alexd.00 	D.J. Alexander||OLB||KAN
moorma02 	Marlon Moore||WR||CLE
bennmi01 	Michael Bennett||DT||JAX
wilbky00 	Kyle Wilber||OLB||DAL
wayxtr00 	Tress Way||P||WAS
odonpa00 	Pat O'Donnell||P||CHI
taylde00 	Devin Taylor||DE||DET
poweje99 	Jerraud Powers||DB||ARI
mercwh00 	Whitney Mercilus||DE||HOU
floyma00 	Malcom Floyd||WR||SDG
weatse99 	Sean Weatherspoon||LB||ARI
johnch08 	Charles Johnson||WR||MIN
philjo01 	Jordan Phillips||DT||MIA
schomi00 	Michael Schofield||OT||DEN
johnch04 	Chris Johnson||RB||ARI
vaugca00 	Cassius Vaughn||DB||BAL,SDG
baildi00 	Dion Bailey||FS||NYJ,SEA
willvi01 	Vince Williams||ILB||PIT
housro01 	Rob Housler||TE||CLE,CHI
lambjo00 	Josh Lambo||K||SDG
davivo99 	Vontae Davis||DB||IND
moslc.00 	C.J. Mosley||ILB||BAL
saunde00 	De'Ante Saunders||DB||CLE
gostst20 	Stephen Gostkowski||K||NWE
willte00 	Teddy Williams||WR||CAR
rollju00 	Jumal Rolle||CB||BAL,HOU
palmca00 	Carson Palmer||QB||ARI
wittja00 	Jason Witten||TE||DAL
mckele99 	Leodis McKelvin||DB||BUF
alledw00 	Dwayne Allen||TE||IND
andehe00 	Henry Anderson||DE||IND
compwi00 	William Compton||LB||WAS
danib.00 	B.J. Daniels||QB||HOU,SEA
butlje01 	Jeremy Butler||WR||BAL
wortdo99 	Doug Worthington||DE||STL
verrja00 	Jason Verrett||CB||SDG
willma22 	Mario Williams||DE||BUF
harpro21 	Roman Harper||DB||CAR
rubiah99 	Ahtyba Rubin||NT||SEA
lafebr00 	Brandon LaFell||WR||NWE
whitta00 	Tahir Whitehead||OLB||DET
parkde01 	DeVante Parker||WR||MIA
olawja00 	Jamize Olawale||FB||OAK
langt.20 	T.J. Lang||T||GNB
munnca99 	Captain Munnerlyn||DB||MIN
hankle00 	Leonard Hankerson||WR||NWE,ATL,BUF
tousfi00 	Fitzgerald Toussaint||RB||PIT
hockza00 	Zach Hocker||K||STL,NOR
parrda00 	David Parry||NT||IND
jenkje00 	Jelani Jenkins||OLB||MIA
mitcea99 	Earl Mitchell||DT||MIA
bradto00 	Tom Brady||QB||NWE
harrde03 	Demetrius Harris||TE||KAN
liugco00 	Corey Liuget||DT||SDG
blueal00 	Alfred Blue||RB||HOU
wakeca00 	Cameron Wake||LB||MIA
wortch00 	Chandler Worthy||WR||HOU
murrla00 	Latavius Murray||RB||OAK
fleeco00 	Coby Fleener||TE||IND
willmi06 	Michael Williams||TE||NWE
kikaha00 	Hau'oli Kikaha||OLB||NOR
haroel00 	Eli Harold||OLB||SFO
hayddj00 	D.J. Hayden||CB||OAK
britke00 	Kenny Britt||WR||STL
gurlto01 	Todd Gurley||RB||STL
wheeph99 	Philip Wheeler||LB||ATL
wayntr00 	Trae Waynes||CB||MIN
heywca01 	Cameron Heyward||DE||PIT
amosad00 	Adrian Amos||FS||CHI
younwi99 	Willie Young||DE||CHI
bierkr99 	Kroy Biermann||LB||ATL
benjtr00 	Travis Benjamin||WR||CLE
ebroer00 	Eric Ebron||TE||DET
daviak00 	Akeem Davis||S||IND,SEA,NOR
smitpr00 	Preston Smith||DE||WAS
browja03 	Jaron Brown||WR||ARI
maxwby00 	Byron Maxwell||DB||PHI
coopam00 	Amari Cooper||WR||OAK
ayerak00 	Akeem Ayers||LB||STL
maysta99 	Taylor Mays||DB||OAK
carrtr00 	TJ Carrie||CB||OAK
kuhnjo00 	John Kuhn||FB||GNB
kingak00 	Akeem King||DB||ATL
martsa01 	Sam Martin||P||DET
butldr00 	Drew Butler||P||ARI
odigow00 	Owamagbe Odighizuwa||DE||NYG
schmco00 	Colton Schmidt||P||BUF
mccrde00 	Demetrius McCray||CB||JAX
kovajo00 	Jordan Kovacs||S||MIA
georje01 	Jeremiah George||ILB||TAM
strede00 	Devin Street||WR||DAL
ducrgr00 	Greg Ducre||CB||SDG
mumpke00 	Keith Mumphery||WR||HOU
wheama00 	Markus Wheaton||WR||PIT
stewda00 	Darian Stewart||DB||DEN
harrdu01 	DuJuan Harris||RB||SFO,SEA
dialqu00 	Quinton Dial||DE||SFO
grahga00 	Garrett Graham||TE||HOU
hillsa99 	Sammie Lee Hill||DT||TEN
badejo00 	Johnson Bademosi||DB||CLE
flemda00 	Darius Fleming||OLB||NWE
smitse99 	Sean Smith||DB||KAN
odrija99 	Jared Odrick||DT||JAX
grahco99 	Corey Graham||DB||BUF
bartjo01 	Joplo Bartu||LB||ATL,JAX
diggst00 	Stefon Diggs||WR||MIN
longsp00 	Spencer Long||OG||WAS
mayobe00 	Benson Mayowa||DE||OAK
dorsph00 	Phillip Dorsett||WR||IND
edwadw20 	Dwan Edwards||DT||CAR
burkre00 	Rex Burkhead||RB||CIN
gilbwa00 	Wallace Gilberry||DE||CIN
bowmza20 	Zackary Bowman||DB||MIA
coylbr00 	Brock Coyle||LB||SEA
hydeca00 	Carlos Hyde||RB||SFO
johnda04 	Damaris Johnson||WR||NWE
johnda05 	David Johnson||TE||SDG
mattri00 	Rishard Matthews||WR||MIA
johnda08 	David Johnson||RB||ARI
waltbr00 	Bryan Walters||WR||JAX
suhxnd99 	Ndamukong Suh||DT||MIA
shiesa00 	Sam Shields||DB||GNB
hallle98 	Leon Hall||DB||CIN
willke05 	Kerwynn Williams||RB||ARI
alforo00 	Robert Alford||CB||ATL
jarrky00 	Kyshoen Jarrett||SS||WAS
browph00 	Corey Brown||WR||CAR
willav00 	Avery Williamson||ILB||TEN
grayjo00 	Jonas Gray||RB||MIA,JAX
leexse99 	Sean Lee||LB||DAL
millla01 	Lamar Miller||RB||MIA
woodwe20 	Wesley Woodyard||LB||TEN
reddke00 	Kevin Reddick||ILB||BUF
bullra00 	Randy Bullock||K||NYJ,HOU
tandke00 	Keith Tandy||CB||TAM
willxa00 	Xavier Williams||DT||ARI
simsdi00 	Dion Sims||TE||MIA
mcclro00 	Rolando McClain||LB||DAL
bynejo00 	Josh Bynes||LB||DET
jackta00 	Tarvaris Jackson||QB||SEA
marsni00 	Nick Marshall||CB||JAX
taylty00 	Tyrod Taylor||QB||BUF
bennma00 	Martellus Bennett||TE||CHI
mccrke00 	Kelcie McCray||S||SEA
hatcja20 	Jason Hatcher||DE||WAS
bergjo20 	Joe Berger||T||MIN
kingda00 	David King||DE||KAN,SEA
dunnbr00 	Brandon Dunn||DT||CHI,HOU
hallde99 	DeAngelo Hall||DB||WAS
polupa99 	Paul Posluszny||LB||JAX
coopxa00 	Xavier Cooper||DT||CLE
reaske00 	Keith Reaser||CB||SFO
lerijo00 	Josh LeRibeus||G||WAS
jonere99 	Reshad Jones||DB||MIA
gachan00 	Andrew Gachkar||OLB||DAL
coxxpe99 	Perrish Cox||DB||TEN
hickak00 	Akiem Hicks||DE||NWE,NOR
bailda00 	Dan Bailey||K||DAL
robibr98 	Brian Robison||DE||MIN
willst02 	Steve Williams||CB||SDG
todmjo00 	Jordan Todman||RB||PIT
dimapa00 	Patrick DiMarco||FB||ATL
upshco00 	Courtney Upshaw||OLB||BAL
whitmy00 	Myles White||WR||NYG
foleni00 	Nick Foles||QB||STL
haywca00 	Casey Hayward||DB||GNB
forbka00 	Kai Forbath||K||WAS,NOR
bucade00 	Deone Bucannon||SS||ARI
mereca00 	Cameron Meredith||WR||CHI
janije00 	Jeff Janis||WR||GNB
mcphpe00 	Pernell McPhee||DL||CHI
millza02 	Zach Miller||TE||CHI
gwacob00 	Obum Gwacham||DE||NOR
wolfde00 	Derek Wolfe||DT||DEN
bryare99 	Red Bryant||DT||ARI
mccach00 	Chris McCain||LB||MIA
ratlja20 	Jay Ratliff||DE||CHI
reddco20 	Cory Redding||DE||ARI
elliju01 	Justin Ellis||DT||OAK
jennda00 	Darius Jennings||WR||CLE
babijo20 	Jonathan Babineaux||DE||ATL
ngatha20 	Haloti Ngata||DT||DET
dunbla00 	Lance Dunbar||RB||DAL
sampja00 	James Sample||SS||JAX
weatst20 	Steve Weatherford||P||NYJ
taylja01 	Jamar Taylor||CB||MIA
reyned00 	Ed Reynolds||FS||PHI
smitha00 	Harrison Smith||FS||MIN
iupami20 	Mike Iupati||G||ARI
sturca00 	Caleb Sturgis||K||PHI
condjo20 	Jon Condo||LB||OAK
robeni00 	Nickell Robey-Coleman||CB||BUF
randru00 	Rueben Randle||WR||NYG
toille00 	Levine Toilolo||TE||ATL
maullo00 	Lorenzo Mauldin||OLB||NYJ
thomsh01 	Shaq Thompson||OLB||CAR
thomsh00 	Shamarko Thomas||SS||PIT
bushra00 	Rafael Bush||S||NOR
amerda00 	David Amerson||CB||OAK,WAS
donnla00 	Larry Donnell||TE||NYG
jordca00 	Cameron Jordan||DE||NOR
franan01 	Andrew Franks||K||MIA
abduam00 	Ameer Abdullah||RB||DET
reecma00 	Marcel Reece||TE||OAK
newsjo00 	Jonathan Newsome||OLB||IND
wilsru00 	Russell Wilson||QB||SEA
harmdu00 	Duron Harmon||FS||NWE
johnle03 	Leonard Johnson||CB||NWE
vinatada01 	Adam Vinatieri||K||IND
wardji01 	Jimmie Ward||SS||SFO
claimo00 	Morris Claiborne||CB||DAL
caldan00 	Andre Caldwell||WR||DEN
patmty00 	Tyler Patmon||CB||DAL,MIA
scifmi20 	Mike Scifres||P||SDG
harrda99 	David Harris||LB||NYJ
hubeke20 	Kevin Huber||P||CIN
bullma00 	Max Bullough||ILB||HOU
foxxja20 	Jason Fox||T||MIA
davikn00 	Knile Davis||RB||KAN
sendly20 	Lyle Sendlein||C||ARI
cricja00 	Jared Crick||DT||HOU
floymi00 	Michael Floyd||WR||ARI
lattja00 	Jamari Lattimore||LB||NYJ
robese00 	Seth Roberts||WR||OAK
mclero00 	Rodney McLeod||S||STL
brutda99 	David Bruton||DB||DEN
grifmi99 	Michael Griffin||DB||TEN
elleda99 	Dannell Ellerbe||LB||NOR
tratju00 	Justin Trattou||DE||MIN
bushre00 	Reggie Bush||RB||SFO
blakan00 	Antwon Blake||CB||PIT
cookja02 	Jared Cook||TE||STL
glenco00 	Cordy Glenn||T||BUF
medeja00 	Jamie Meder||DT||CLE
irvida00 	David Irving||DE||DAL
browza00 	Zach Brown||OLB||TEN
woodda02 	Danny Woodhead||RB||SDG
hillsh00 	Shaun Hill||QB||MIN
winsgl00 	Glenn Winston||RB||CLE
willma03 	Marcus Williams||CB||NYJ
willma04 	Maxx Williams||TE||BAL
browbr02 	Bryce Brown||RB||SEA
browbr00 	Brandon Browner||CB||NOR
reyxvi00 	Vincent Rey||LB||CIN
rodgdo99 	Dominique Rodgers-Cromartie||DB||NYG
randjo01 	Joseph Randle||RB||DAL
robied00 	Edmond Robinson||OLB||MIN
escoga00 	Gavin Escobar||TE||DAL
armbth00 	Thurston Armbrister||LB||JAX
leexan20 	Andy Lee||P||CLE
slayda00 	Darius Slay||CB||DET
allena99 	Nate Allen||DB||OAK
davige00 	Geremy Davis||WR||NYG
donaaa00 	Aaron Donald||DT||STL
mcfada00 	Darren McFadden||RB||DAL
goldro00 	Robert Golden||S||PIT
gilbju00 	Justin Gilbert||CB||CLE
alexma00 	Maurice Alexander||SS||STL
mannpe00 	Peyton Manning||QB||DEN
scrugr00 	Greg Scruggs||DE||CHI
freeje00 	Jerrell Freeman||LB||IND
murptr00 	Trent Murphy||DE||WAS
latico00 	Cody Latimer||WR||DEN
hughmo00 	Montori Hughes||DT||NYG
darrma00 	Matt Darr||P||MIA
pullha00 	Hayes Pullard||ILB||JAX
stucda20 	Darrell Stuckey||S||SDG
poexdo00 	Dontari Poe||DT||KAN
mosemo00 	Morgan Moses||OT||WAS
lacoma00 	Matt LaCosse||TE||NYG
wilfvi20 	Vince Wilfork||NT||HOU
caseju00 	Jurrell Casey||DL||TEN
webbjo00 	Joe Webb||WR||CAR
barwco99 	Connor Barwin||DE||PHI
davide00 	Demario Davis||OLB||NYJ
bouya.00 	A.J. Bouye||CB||HOU
floysh00 	Sharrif Floyd||DT||MIN
burnmo99 	Morgan Burnett||DB||GNB
willaa00 	Aaron Williams||DB||BUF
hillwi01 	Will Hill||S||BAL
colete01 	Tevin Coleman||RB||ATL
ballal99 	Alan Ball||DB||CHI
bryade01 	Dez Bryant||WR||DAL
bryade00 	Desmond Bryant||DT||CLE
reidca00 	Caraun Reid||DT||DET
angebr00 	Bryan Anger||P||JAX
willtr99 	Tramon Williams||DB||CLE
wrehbl00 	Blidi Wreh-Wilson||CB||TEN
bellbl00 	Blake Bell||TE||SFO
andeja21 	James Anderson||LB||NOR
webbbw00 	B.W. Webb||CB||TEN
manuej00 	EJ Manuel||QB||BUF
davike01 	Kellen Davis||TE||NYJ
crawja00 	Jack Crawford||DE||DAL
godfch99 	Charles Godfrey||DB||ATL
butldo99 	Donald Butler||LB||SDG
rivemy00 	Mychal Rivera||TE||OAK
payssp00 	Spencer Paysinger||LB||MIA
hardju00 	Justin Hardy||WR||ATL
collja00 	Jamie Collins||OLB||NWE
collja02 	Jalen Collins||CB||ATL
martka00 	Kareem Martin||DE||ARI
stepdo00 	Donald Stephenson||T||KAN
jeffto00 	Tony Jefferson||FS||ARI
martdo00 	Doug Martin||RB||TAM
mattja00 	Jake Matthews||OT||ATL
clemke00 	Kellen Clemens||QB||SDG
fletbr99 	Bradley Fletcher||DB||NWE
orakbr99 	Brian Orakpo||LB||TEN
cartto99 	Tony Carter||DB||IND
hogach00 	Chris Hogan||WR||BUF
frana.00 	A.J. Francis||DL||MIA,SEA
whitde01 	DeAndrew White||WR||SFO
mannel00 	Eli Manning||QB||NYG
revida99 	Darrelle Revis||DB||NYJ
stonja01 	Jake Stoneburner||TE||MIA
mannse00 	Sean Mannion||QB||STL
barnke00 	Kenjon Barner||RB||PHI
heywda00 	Darrius Heyward-Bey||WR||PIT
stapju00 	Justin Staples||DL||TEN
olatay00 	Ayodeji Olatoye||DB||DAL
pekodo20 	Domata Peko||DT||CIN
wadetr00 	Trevin Wade||CB||NYG
clauji00 	Jimmy Clausen||QB||CHI,BAL
jennra00 	Rashad Jennings||RB||NYG
robema00 	Marcus Roberson||CB||STL
murpma03 	Marcus Murphy||RB||NOR
harvpe00 	Percy Harvin||WR||BUF
felijo00 	Jon Feliciano||OG||OAK
winsja00 	Jameis Winston||QB||TAM
cantch21 	Chris Canty||DE||BAL
smitdj00 	D'Joun Smith||CB||IND
goldbr00 	Brittan Golden||WR||ARI
jackma02 	Malik Jackson||DT||DEN
winnbi00 	Billy Winn||DT||IND
barnt.00 	T.J. Barnes||DT||NYJ,BUF
kearfr00 	Frank Kearse||DT||WAS
dyexdo00 	Donteea Dye||WR||TAM
skutda00 	Dan Skuta||LB||JAX
armsar01 	Arik Armstead||DE||SFO
johnwe00 	Wesley Johnson||OT||NYJ
roetbe00 	Ben Roethlisberger||QB||PIT
gainph00 	Phillip Gaines||CB||KAN
gabrta00 	Taylor Gabriel||WR||CLE
crowis00 	Isaiah Crowell||RB||CLE
therro00 	Robenson Therezie||SS||ATL
pearer20 	Erik Pears||T||SFO
kirkdr00 	Dre Kirkpatrick||CB||CIN
thomch03 	Chris Thompson||RB||WAS
quinro00 	Robert Quinn||DE||STL
storbr00 	Bryan Stork||C||NWE
simosc00 	Scott Simonson||TE||CAR
coatsa00 	Sammie Coates||WR||PIT
colebr00 	Brandon Coleman||WR||NOR
parkpr00 	Preston Parker||WR||NYG
westte00 	Terrance West||RB||BAL,TEN
goldda99 	Dashon Goldson||DB||WAS
colqbr00 	Britton Colquitt||P||DEN
hawka.20 	A.J. Hawk||LB||CIN
heatje00 	Jeff Heath||S||DAL
boshma00 	Matthew Bosher||K||ATL
allebe00 	Beau Allen||DT||PHI
colvaa00 	Aaron Colvin||CB||JAX
woodal99 	Al Woods||DT||TEN
mingba00 	Barkevious Mingo||OLB||CLE
gouldrob01 	Robbie Gould||K||CHI
wilsta00 	Tavon Wilson||FS||NWE
solosc00 	Scott Solomon||DE||CLE
boykbr00 	Brandon Boykin||CB||PIT
fluean99 	Andre Fluellen||DT||DET
olivbr01 	Branden Oliver||RB||SDG
mcdobr01 	Bradley McDougald||FS||TAM
robial02 	Allen Robinson||WR||JAX
shawjo00 	Josh Shaw||CB||CIN
spenak00 	Akeem Spence||DT||TAM
pettbr00 	Brandon Pettigrew||TE||DET
jenkmi99 	Mike Jenkins||DB||TAM
fitzla00 	Larry Fitzgerald||WR||ARI
morgde99 	Derrick Morgan||DE||TEN
moorwi99 	William Moore||DB||ATL
fielca00 	Carlos Fields||LB||WAS
stroja01 	Jaelen Strong||WR||HOU
pattqu00 	Quinton Patton||WR||SFO
haydni99 	Nick Hayden||DT||DAL
philke99 	Kenny Phillips||DB||NOR
douzle00 	Leger Douzable||DT||NYJ
coleju01 	Justin Coleman||CB||NWE
maugjo00 	Josh Mauga||LB||KAN
siemtr00 	Trevor Siemian||QB||DEN
marima01 	Marcus Mariota||QB||TEN
howaau20 	Austin Howard||T||OAK
johnma06 	Malcolm Johnson||FB||CLE
rajibj99 	B.J. Raji||DT||GNB
cartch00 	Chris Carter||DL||BAL,CIN
swanda02 	Damian Swann||CB||NOR
carral99 	Alex Carrington||DE||BUF
fowlja00 	Jalston Fowler||FB||TEN
kraujo00 	Jonathan Krause||WR||PHI
wilsc.98 	C.J. Wilson||DE||DET,OAK
granry01 	Ryan Grant||WR||WAS
broote00 	Terrence Brooks||FS||BAL
bryaco00 	Corbin Bryant||DE||BUF
bateho00 	Houston Bates||OLB||WAS
ellike01 	Kenrick Ellis||DL||MIN
willia00 	Ian Williams||DT||SFO
reitjo00 	Joe Reitz||T||IND
mcgest01 	Stacy McGee||DT||OAK
alexlo99 	Lorenzo Alexander||DT||OAK
flacjo00 	Joe Flacco||QB||BAL
folkni20 	Nick Folk||K||NYJ
tolzsc00 	Scott Tolzien||QB||GNB
philad00 	Adrian Phillips||DB||SDG
dentak00 	Akeem Dent||LB||HOU
keyejo00 	Josh Keyes||LB||TAM
willda99 	Dan Williams||DT||OAK
wilkmu00 	Muhammad Wilkerson||DT||NYJ
wrigk.00 	K.J. Wright||LB||SEA
herzma00 	Mark Herzlich||LB||NYG
clemt.00 	T.J. Clemmings||OT||MIN
jaconi00 	Nic Jacobs||TE||JAX
beasjo99 	Jon Beason||LB||NYG
wedder99 	Eric Weddle||DB||SDG
draush00 	Shaun Draughn||RB||CLE,SFO
easlma00 	Marcus Easley||WR||BUF
paceca20 	Calvin Pace||DE||NYJ
olsegr00 	Greg Olsen||TE||CAR
kelctr00 	Travis Kelce||TE||KAN
mauare99 	Rey Maualuga||LB||CIN
vaccke00 	Kenny Vaccaro||FS||NOR
bairbr00 	Brandon Bair||DT||PHI
rollqu00 	Quinten Rollins||CB||GNB
hartta00 	Taylor Hart||DE||PHI
philda01 	Darius Philon||DT||SDG
jenkma99 	Malcolm Jenkins||DB||PHI
younda01 	Darrel Young||FB||WAS
garysh00 	Shamiel Gary||SS||MIA
clinha00 	Ha Ha Clinton-Dix||FS||GNB
laneje00 	Jeremy Lane||CB||SEA
lineza01 	Zach Line||FB||MIN
lewike96 	Keenan Lewis||DB||NOR
lockri00 	Ricardo Lockette||WR||SEA
johnke04 	Kevin Johnson||CB||HOU
washto00 	Tony Washington||WR||JAX
mebabr99 	Brandon Mebane||DT||SEA
zombfr00 	Frank Zombo||LB||KAN
rhodxa00 	Xavier Rhodes||CB||MIN
wallmi00 	Mike Wallace||WR||MIN
cyprjo00 	Jonathan Cyprien||SS||JAX
smitke04 	Kevin Smith||WR||SEA
moorma01 	Matt Moore||QB||MIA
johnge00 	George Johnson||DE||TAM
fiedc.00 	C.J. Fiedorowicz||TE||HOU
smitda99 	D'Anthony Smith||DT||CHI
jackdq20 	D'Qwell Jackson||LB||IND
huffma00 	Marqueston Huff||FS||TEN
bradsa00 	Sam Bradford||QB||PHI
veresh00 	Shane Vereen||RB||NYG
warede99 	DeMarcus Ware||LB||DEN
skribu00 	Buster Skrine||DB||NYJ
jeanri99 	Ricky Jean-Francois||DT||WAS
easldo00 	Dominique Easley||DT||NWE
montty01 	Ty Montgomery||WR||GNB
rawlth00 	Thomas Rawls||RB||SEA
schoob99 	O'Brien Schofield||LB||ATL
mcclte00 	Terrell McClain||DL||DAL
forsju00 	Justin Forsett||RB||BAL
masotr00 	Tre Mason||RB||STL
willde02 	DeAngelo Williams||RB||PIT
thomea99 	Earl Thomas||DB||SEA
goldma00 	Markus Golden||OLB||ARI
welkwe00 	Wes Welker||WR||STL
moorst00 	Sterling Moore||CB||TAM
mattch00 	Chris Matthews||WR||BAL,SEA
webbla99 	Lardarius Webb||DB||BAL
timmla99 	Lawrence Timmons||LB||PIT
thomju01 	Juwan Thompson||RB||DEN
thomju00 	Julius Thomas||TE||JAX
richse00 	Sean Richardson||S||GNB
mccoja99 	Jason McCourty||DB||TEN
cassma00 	Matt Cassel||QB||DAL,BUF
newmte20 	Terence Newman||DB||MIN
dumeel20 	Elvis Dumervil||DE||BAL
cobbda00 	David Cobb||RB||TEN
orloda00 	Dan Orlovsky||QB||DET
cricsc00 	Scott Crichton||DE||MIN
beasvi00 	Vic Beasley||OLB||ATL
edebka00 	Kasim Edebali||OLB||NOR
nugenmik01 	Mike Nugent||K||CIN
claych00 	Charles Clay||TE||BUF
simsch00 	Charles Sims||RB||TAM
vigiza00 	Zach Vigil||ILB||MIA
lemoco00 	Corey Lemonier||OLB||SFO
jonema02 	Marvin Jones||WR||CIN
jonema04 	Matt Jones||RB||WAS
clayad00 	Adrian Clayborn||DL||ATL
hawtda20 	David Hawthorne||LB||NOR
willdu00 	Duke Williams||SS||BUF
ivorch00 	Chris Ivory||RB||NYJ
lewidi00 	Dion Lewis||RB||NWE
stewto01 	Tony Steward||OLB||BUF
whalgr00 	Griff Whalen||WR||IND
prosja00 	Jay Prosch||FB||HOU
turbro00 	Robert Turbin||RB||DAL,CLE
moorke02 	Kellen Moore||QB||DAL
highdo01 	Dont'a Hightower||ILB||NWE
mcnajo00 	Josh McNary||LB||IND
bibbe.00 	E.J. Bibbs||TE||CLE
clowja00 	Jadeveon Clowney||DE||HOU
smitge00 	Geno Smith||QB||NYJ
lansda00 	Danny Lansanah||LB||TAM
suttwi00 	Will Sutton||DT||CHI
orchna00 	Nate Orchard||OLB||CLE
clarwi00 	Will Clarke||DE||CIN
daviry00 	Ryan Davis||DE||JAX
starja00 	James Starks||RB||GNB
mccaa.00 	A.J. McCarron||QB||CIN
hullmi02 	Mike Hull||LB||MIA
philjo00 	John Phillips||TE||SDG
cumbje00 	Jeff Cumberland||TE||NYJ
diggqu00 	Quandre Diggs||CB||DET
keenca00 	Case Keenum||QB||STL
dupral00 	Bud Dupree||DE||PIT
burlma00 	Marcus Burley||CB||SEA
adamph00 	Phillip Adams||DB||ATL
stewjo00 	Jonathan Stewart||RB||CAR
thurwa99 	Walter Thurmond||DB||PHI
stupna01 	Nathan Stupar||OLB||ATL
reyeke00 	Kendall Reyes||DT||SDG
ninkro20 	Rob Ninkovich||DE||NWE
robikh00 	Khiry Robinson||RB||NOR
ellirh00 	Rhett Ellison||FB||MIN
hannja00 	James Hanna||TE||DAL
freede00 	Devonta Freeman||RB||ATL
grimjo01 	Jonathan Grimes||RB||HOU
smitja01 	Jacquies Smith||DE||TAM
dennda00 	Darqueze Dennard||CB||CIN
lewika00 	Kapron Lewis-Moore||DE||BAL
lowedw99 	Dwight Lowery||DB||IND
tuggju00 	Justin Tuggle||LB||HOU
markse99 	Sen'Derrick Marks||DT||JAX
shelde00 	Derrick Shelby||DE||MIA
kaepco00 	Colin Kaepernick||QB||SFO
hillje01 	Jeremy Hill||RB||CIN
